transaction_id,timestamp,amount,currency,sender_account_id,receiver_account_id,sender_customer_id,receiver_customer_id,transaction_type,sender_country,receiver_country
1,2025-06-04T08:32:11,89290.85,INR,ACC1005,ACC1079,CUST024,CUST028,payment,China,India
2,2025-06-05T20:54:25,53829.7,INR,ACC1093,ACC1043,CUST029,CUST007,transfer,India,India
3,2025-06-05T14:54:32,23855.51,INR,ACC1098,ACC1016,CUST026,CUST031,payment,India,India
4,2025-06-04T22:51:56,39973.17,INR,ACC1031,ACC1027,CUST007,CUST017,payment,India,India
5,2025-06-06T05:57:49,1208.21,INR,ACC1001,ACC1054,CUST007,CUST009,payment,India,India
6,2025-06-05T16:14:35,60380.08,INR,ACC1016,ACC1059,CUST031,CUST012,withdrawal,India,India
7,2025-06-05T09:53:39,38746.41,INR,ACC1002,ACC1043,CUST049,CUST007,transfer,India,India
8,2025-06-01T15:00:07,9069.27,INR,ACC1088,ACC1065,CUST040,CUST027,transfer,India,India
9,2025-06-05T07:34:59,43667.64,INR,ACC1039,ACC1048,CUST039,CUST025,withdrawal,India,Nigeria
10,2025-06-04T18:18:57,10105.31,INR,ACC1031,ACC1074,CUST007,CUST048,deposit,India,India
11,2025-06-02T15:49:47,14174.99,INR,ACC1076,ACC1034,CUST010,CUST001,deposit,India,India
12,2025-06-06T08:36:59,11978.8,INR,ACC1080,ACC1027,CUST048,CUST017,transfer,India,India
13,2025-06-02T09:10:00,445.26,INR,ACC1028,ACC1050,CUST005,CUST003,payment,Nigeria,India
14,2025-06-07T13:29:47,57334.36,INR,ACC1090,ACC1007,CUST030,CUST015,payment,India,India
15,2025-06-01T14:34:47,15322.95,INR,ACC1025,ACC1033,CUST037,CUST001,payment,India,India
16,2025-06-06T04:52:38,64153.09,INR,ACC1038,ACC1048,CUST006,CUST025,transfer,India,Nigeria
17,2025-06-04T20:40:54,21796.29,INR,ACC1091,ACC1048,CUST039,CUST025,deposit,India,Nigeria
18,2025-06-02T05:30:28,46362.59,INR,ACC1034,ACC1031,CUST001,CUST007,withdrawal,India,India
19,2025-06-03T07:54:54,4193.04,INR,ACC1019,ACC1054,CUST041,CUST009,deposit,India,India
20,2025-06-06T18:12:18,84550.3,INR,ACC1033,ACC1018,CUST001,CUST044,payment,India,India
21,2025-06-07T06:25:41,28726.22,INR,ACC1030,ACC1040,CUST026,CUST031,payment,India,India
22,2025-06-04T14:33:57,69946.02,INR,ACC1006,ACC1014,CUST045,CUST028,deposit,India,India
23,2025-06-07T14:50:42,46903.47,INR,ACC1087,ACC1006,CUST014,CUST045,deposit,India,India
24,2025-06-04T06:11:57,19358.63,INR,ACC1043,ACC1020,CUST007,CUST003,transfer,India,India
25,2025-06-07T07:24:56,50729.6,INR,ACC1008,ACC1061,CUST046,CUST030,payment,India,India
26,2025-06-01T23:17:23,35046.78,INR,ACC1074,ACC1056,CUST048,CUST011,withdrawal,India,India
27,2025-06-02T14:02:19,77699.46,INR,ACC1082,ACC1002,CUST042,CUST049,transfer,India,India
28,2025-06-02T17:52:56,13352.91,INR,ACC1008,ACC1005,CUST046,CUST024,withdrawal,India,China
29,2025-06-07T09:25:05,47313.02,INR,ACC1072,ACC1017,CUST029,CUST017,deposit,India,India
30,2025-06-02T19:50:08,82343.32,INR,ACC1011,ACC1052,CUST020,CUST013,deposit,India,India
31,2025-06-06T17:01:13,87168.48,INR,ACC1095,ACC1041,CUST037,CUST016,deposit,India,India
32,2025-06-03T12:52:46,2354.55,INR,ACC1099,ACC1004,CUST041,CUST008,payment,India,India
33,2025-06-03T03:25:59,28513.17,INR,ACC1047,ACC1053,CUST039,CUST031,transfer,India,India
34,2025-06-04T19:51:41,4672.92,INR,ACC1071,ACC1069,CUST030,CUST011,withdrawal,India,India
35,2025-06-07T07:44:45,53419.96,INR,ACC1077,ACC1005,CUST016,CUST024,payment,India,China
36,2025-06-08T04:55:19,23423.04,INR,ACC1067,ACC1009,CUST038,CUST016,withdrawal,India,India
37,2025-06-06T23:09:31,20397.29,INR,ACC1040,ACC1069,CUST031,CUST011,payment,India,India
38,2025-06-07T20:23:00,47472.01,INR,ACC1040,ACC1021,CUST031,CUST031,deposit,India,India
39,2025-06-05T04:15:40,13015.91,INR,ACC1090,ACC1060,CUST030,CUST047,withdrawal,India,India
40,2025-06-06T13:26:54,64970.97,INR,ACC1002,ACC1056,CUST049,CUST011,withdrawal,India,India
41,2025-06-06T04:03:48,62339.14,INR,ACC1083,ACC1016,CUST006,CUST031,payment,India,India
42,2025-06-03T03:25:02,37280.71,INR,ACC1047,ACC1096,CUST039,CUST007,payment,India,India
43,2025-06-01T12:03:46,60894.19,INR,ACC1041,ACC1057,CUST016,CUST004,payment,India,India
44,2025-06-01T19:29:24,18681.58,INR,ACC1083,ACC1063,CUST006,CUST032,deposit,India,India
45,2025-06-03T11:18:11,50040.78,INR,ACC1098,ACC1016,CUST026,CUST031,transfer,India,India
46,2025-06-05T01:36:18,20209.93,INR,ACC1035,ACC1064,CUST029,CUST002,transfer,India,India
47,2025-06-04T17:22:13,70949.94,INR,ACC1007,ACC1039,CUST015,CUST039,deposit,India,India
48,2025-06-02T13:20:52,34027.43,INR,ACC1013,ACC1068,CUST038,CUST042,deposit,India,India
49,2025-06-03T18:27:07,40794.28,INR,ACC1067,ACC1093,CUST038,CUST029,withdrawal,India,India
50,2025-06-04T20:39:29,54203.31,INR,ACC1073,ACC1019,CUST008,CUST041,transfer,India,India
51,2025-06-08T07:56:22,61830.64,INR,ACC1024,ACC1052,CUST016,CUST013,deposit,India,India
52,2025-06-03T15:32:18,66431.53,INR,ACC1024,ACC1042,CUST016,CUST018,deposit,India,India
53,2025-06-05T08:10:24,81609.85,INR,ACC1041,ACC1004,CUST016,CUST008,withdrawal,India,India
54,2025-06-04T22:24:57,72457.86,INR,ACC1091,ACC1044,CUST039,CUST001,transfer,India,India
55,2025-06-02T07:15:01,51283.59,INR,ACC1004,ACC1053,CUST008,CUST031,deposit,India,India
56,2025-06-03T20:10:33,42590.39,INR,ACC1042,ACC1095,CUST018,CUST037,deposit,India,India
57,2025-06-03T05:40:26,63886.04,INR,ACC1023,ACC1070,CUST047,CUST021,deposit,India,India
58,2025-06-06T15:04:33,22501.49,INR,ACC1045,ACC1082,CUST010,CUST042,payment,India,India
59,2025-06-07T20:54:45,12316.16,INR,ACC1038,ACC1075,CUST006,CUST031,transfer,India,Nigeria
60,2025-06-07T05:46:03,68916.02,INR,ACC1071,ACC1032,CUST030,CUST018,payment,India,India
61,2025-06-06T02:14:45,1529.86,INR,ACC1010,ACC1040,CUST027,CUST031,payment,India,India
62,2025-06-04T16:33:33,60417.37,INR,ACC1087,ACC1010,CUST014,CUST027,withdrawal,India,India
63,2025-06-04T02:33:06,27076.52,INR,ACC1079,ACC1047,CUST028,CUST039,payment,India,India
64,2025-06-03T11:39:02,49697.44,INR,ACC1100,ACC1064,CUST026,CUST002,transfer,India,India
65,2025-06-06T02:02:08,79807.01,INR,ACC1057,ACC1032,CUST004,CUST018,transfer,India,India
66,2025-06-06T17:42:19,86349.6,INR,ACC1021,ACC1097,CUST031,CUST041,payment,India,India
67,2025-06-02T16:21:26,83456.46,INR,ACC1003,ACC1060,CUST016,CUST047,transfer,India,India
68,2025-06-03T08:04:28,42298.79,INR,ACC1013,ACC1084,CUST038,CUST015,transfer,India,India
69,2025-06-03T10:48:14,42784.37,INR,ACC1034,ACC1056,CUST001,CUST011,transfer,India,India
70,2025-06-08T06:41:19,876.2,INR,ACC1084,ACC1053,CUST015,CUST031,deposit,India,India
71,2025-06-03T06:39:48,31936.96,INR,ACC1033,ACC1092,CUST001,CUST028,payment,India,India
72,2025-06-05T15:17:15,70493.95,INR,ACC1033,ACC1003,CUST001,CUST016,transfer,India,India
73,2025-06-04T22:17:25,9099.02,INR,ACC1015,ACC1002,CUST002,CUST049,withdrawal,India,India
74,2025-06-03T09:48:31,66965.59,INR,ACC1089,ACC1087,CUST010,CUST014,deposit,India,India
75,2025-06-03T13:26:10,74261.89,INR,ACC1039,ACC1005,CUST039,CUST024,payment,India,China
76,2025-06-08T08:24:45,51631.25,INR,ACC1062,ACC1091,CUST038,CUST039,deposit,India,India
77,2025-06-04T20:22:17,13033.87,INR,ACC1027,ACC1097,CUST017,CUST041,transfer,India,India
78,2025-06-03T00:13:23,6422.76,INR,ACC1090,ACC1095,CUST030,CUST037,payment,India,India
79,2025-06-06T10:55:46,83147.9,INR,ACC1029,ACC1086,CUST017,CUST011,deposit,India,India
80,2025-06-02T22:32:12,16126.88,INR,ACC1047,ACC1085,CUST039,CUST013,withdrawal,India,India
81,2025-06-02T11:16:27,35607.63,INR,ACC1082,ACC1044,CUST042,CUST001,withdrawal,India,India
82,2025-06-05T16:20:06,29006.71,INR,ACC1073,ACC1040,CUST008,CUST031,deposit,India,India
83,2025-06-07T00:45:38,53303.97,INR,ACC1027,ACC1032,CUST017,CUST018,withdrawal,India,India
84,2025-06-05T23:13:06,83564.91,INR,ACC1100,ACC1077,CUST026,CUST016,deposit,India,India
85,2025-06-03T23:20:01,59086.38,INR,ACC1079,ACC1015,CUST028,CUST002,transfer,India,India
86,2025-06-03T16:30:28,19671.99,INR,ACC1066,ACC1087,CUST040,CUST014,deposit,India,India
87,2025-06-03T20:01:07,3229.98,INR,ACC1019,ACC1055,CUST041,CUST020,transfer,India,India
88,2025-06-06T13:42:53,12386.99,INR,ACC1021,ACC1077,CUST031,CUST016,transfer,India,India
89,2025-06-03T09:09:27,87892.07,INR,ACC1057,ACC1040,CUST004,CUST031,transfer,India,India
90,2025-06-03T17:27:17,26923.26,INR,ACC1061,ACC1085,CUST030,CUST013,deposit,India,India
91,2025-06-01T22:57:35,58928.36,INR,ACC1066,ACC1096,CUST040,CUST007,withdrawal,India,India
92,2025-06-01T13:42:25,82451.81,INR,ACC1090,ACC1082,CUST030,CUST042,deposit,India,India
93,2025-06-01T18:04:45,56288.97,INR,ACC1088,ACC1024,CUST040,CUST016,transfer,India,India
94,2025-06-07T23:22:38,70811.4,INR,ACC1024,ACC1048,CUST016,CUST025,deposit,India,Nigeria
95,2025-06-07T01:09:38,52175.23,INR,ACC1022,ACC1014,CUST021,CUST028,transfer,India,India
96,2025-06-03T16:56:34,170.5,INR,ACC1085,ACC1027,CUST013,CUST017,deposit,India,India
97,2025-06-04T04:11:26,62267.3,INR,ACC1006,ACC1028,CUST045,CUST005,withdrawal,India,Nigeria
98,2025-06-05T13:42:40,77456.35,INR,ACC1021,ACC1040,CUST031,CUST031,withdrawal,India,India
99,2025-06-06T03:24:23,19870.58,INR,ACC1079,ACC1057,CUST028,CUST004,transfer,India,India
100,2025-06-03T20:03:44,82676.45,INR,ACC1040,ACC1098,CUST031,CUST026,withdrawal,India,India
101,2025-06-04T01:29:49,21596.56,INR,ACC1006,ACC1060,CUST045,CUST047,withdrawal,India,India
102,2025-06-05T13:28:59,58593.95,INR,ACC1073,ACC1049,CUST008,CUST028,payment,India,India
103,2025-06-05T13:04:38,17503.5,INR,ACC1006,ACC1035,CUST045,CUST029,withdrawal,India,India
104,2025-06-03T21:50:52,51028.48,INR,ACC1058,ACC1033,CUST043,CUST001,withdrawal,India,India
105,2025-06-05T22:23:41,19027.09,INR,ACC1051,ACC1012,CUST034,CUST040,payment,India,India
106,2025-06-08T06:53:38,76148.38,INR,ACC1001,ACC1010,CUST007,CUST027,payment,India,India
107,2025-06-04T00:20:23,43880.77,INR,ACC1100,ACC1044,CUST026,CUST001,deposit,India,India
108,2025-06-05T03:43:53,27018.12,INR,ACC1085,ACC1083,CUST013,CUST006,payment,India,India
109,2025-06-07T02:10:06,25028.33,INR,ACC1007,ACC1008,CUST015,CUST046,payment,India,India
110,2025-06-04T21:42:32,70731.33,INR,ACC1090,ACC1003,CUST030,CUST016,payment,India,India
111,2025-06-08T06:51:07,34669.4,INR,ACC1085,ACC1075,CUST013,CUST031,deposit,India,Nigeria
112,2025-06-06T23:58:56,77410.22,INR,ACC1072,ACC1015,CUST029,CUST002,transfer,India,India
113,2025-06-05T08:08:06,58944.89,INR,ACC1051,ACC1015,CUST034,CUST002,transfer,India,India
114,2025-06-05T14:50:25,16430.15,INR,ACC1042,ACC1005,CUST018,CUST024,transfer,India,China
115,2025-06-07T23:03:06,40801.37,INR,ACC1083,ACC1010,CUST006,CUST027,withdrawal,India,India
116,2025-06-03T15:46:15,65363.7,INR,ACC1012,ACC1038,CUST040,CUST006,transfer,India,India
117,2025-06-02T05:42:45,67563.72,INR,ACC1087,ACC1005,CUST014,CUST024,transfer,India,China
118,2025-06-05T21:13:48,16409.02,INR,ACC1025,ACC1002,CUST037,CUST049,transfer,India,India
119,2025-06-05T09:01:11,22392.2,INR,ACC1071,ACC1026,CUST030,CUST019,payment,India,India
120,2025-06-02T00:23:32,11941.48,INR,ACC1047,ACC1048,CUST039,CUST025,transfer,India,Nigeria
121,2025-06-03T11:12:20,7658.62,INR,ACC1067,ACC1036,CUST038,CUST048,payment,India,India
122,2025-06-03T21:50:36,31739.3,INR,ACC1021,ACC1090,CUST031,CUST030,withdrawal,India,India
123,2025-06-01T19:18:44,71218.38,INR,ACC1004,ACC1029,CUST008,CUST017,withdrawal,India,India
124,2025-06-04T22:53:07,50815.25,INR,ACC1016,ACC1045,CUST031,CUST010,withdrawal,India,India
125,2025-06-05T11:20:22,59148.53,INR,ACC1074,ACC1078,CUST048,CUST028,payment,India,India
126,2025-06-07T18:29:08,17137.0,INR,ACC1039,ACC1057,CUST039,CUST004,withdrawal,India,India
127,2025-06-01T14:33:01,35075.86,INR,ACC1071,ACC1036,CUST030,CUST048,transfer,India,India
128,2025-06-08T00:44:53,10096.31,INR,ACC1028,ACC1092,CUST005,CUST028,payment,Nigeria,India
129,2025-06-06T08:24:54,43548.24,INR,ACC1090,ACC1051,CUST030,CUST034,payment,India,India
130,2025-06-06T09:55:44,9947.72,INR,ACC1032,ACC1085,CUST018,CUST013,transfer,India,India
131,2025-06-07T19:38:41,79358.17,INR,ACC1086,ACC1096,CUST011,CUST007,withdrawal,India,India
132,2025-06-06T15:43:10,59825.89,INR,ACC1047,ACC1034,CUST039,CUST001,transfer,India,India
133,2025-06-03T09:44:50,82896.47,INR,ACC1015,ACC1100,CUST002,CUST026,withdrawal,India,India
134,2025-06-04T17:00:06,62369.33,INR,ACC1071,ACC1057,CUST030,CUST004,deposit,India,India
135,2025-06-01T14:19:14,6695.7,INR,ACC1064,ACC1043,CUST002,CUST007,deposit,India,India
136,2025-06-07T03:16:18,32634.78,INR,ACC1098,ACC1087,CUST026,CUST014,payment,India,India
137,2025-06-03T00:20:34,75359.62,INR,ACC1027,ACC1050,CUST017,CUST003,withdrawal,India,India
138,2025-06-03T06:11:38,38052.14,INR,ACC1090,ACC1052,CUST030,CUST013,transfer,India,India
139,2025-06-05T23:32:55,76650.59,INR,ACC1091,ACC1011,CUST039,CUST020,payment,India,India
140,2025-06-04T15:04:46,58740.12,INR,ACC1092,ACC1051,CUST028,CUST034,transfer,India,India
141,2025-06-05T05:23:10,56561.24,INR,ACC1037,ACC1014,CUST041,CUST028,payment,India,India
142,2025-06-07T01:52:40,70207.72,INR,ACC1079,ACC1093,CUST028,CUST029,deposit,India,India
143,2025-06-01T15:42:16,26888.25,INR,ACC1059,ACC1074,CUST012,CUST048,transfer,India,India
144,2025-06-02T19:11:09,76412.15,INR,ACC1082,ACC1048,CUST042,CUST025,payment,India,Nigeria
145,2025-06-06T11:32:05,45443.82,INR,ACC1019,ACC1082,CUST041,CUST042,payment,India,India
146,2025-06-04T01:28:47,31739.75,INR,ACC1043,ACC1040,CUST007,CUST031,deposit,India,India
147,2025-06-04T08:09:13,13754.76,INR,ACC1062,ACC1071,CUST038,CUST030,withdrawal,India,India
148,2025-06-06T22:47:32,77641.93,INR,ACC1061,ACC1063,CUST030,CUST032,withdrawal,India,India
149,2025-06-02T03:18:00,45865.54,INR,ACC1086,ACC1100,CUST011,CUST026,transfer,India,India
150,2025-06-04T10:09:58,18620.77,INR,ACC1074,ACC1067,CUST048,CUST038,payment,India,India
151,2025-06-06T19:11:44,47308.33,INR,ACC1098,ACC1022,CUST026,CUST021,deposit,India,India
152,2025-06-08T05:15:58,12142.64,INR,ACC1070,ACC1016,CUST021,CUST031,transfer,India,India
153,2025-06-02T08:26:46,66903.01,INR,ACC1052,ACC1070,CUST013,CUST021,transfer,India,India
154,2025-06-02T14:26:24,87605.54,INR,ACC1066,ACC1016,CUST040,CUST031,withdrawal,India,India
155,2025-06-06T17:03:51,86934.41,INR,ACC1008,ACC1073,CUST046,CUST008,payment,India,India
156,2025-06-01T13:32:59,44374.15,INR,ACC1006,ACC1078,CUST045,CUST028,withdrawal,India,India
157,2025-06-01T12:30:55,56551.13,INR,ACC1054,ACC1046,CUST009,CUST038,deposit,India,China
158,2025-06-05T00:07:25,63062.88,INR,ACC1019,ACC1061,CUST041,CUST030,withdrawal,India,India
159,2025-06-02T19:30:52,49620.53,INR,ACC1074,ACC1050,CUST048,CUST003,payment,India,India
160,2025-06-03T15:12:48,40823.16,INR,ACC1078,ACC1072,CUST028,CUST029,payment,India,India
161,2025-06-07T10:56:33,52519.19,INR,ACC1026,ACC1008,CUST019,CUST046,deposit,India,India
162,2025-06-06T07:16:17,39837.89,INR,ACC1047,ACC1019,CUST039,CUST041,payment,India,India
163,2025-06-01T19:35:55,66820.04,INR,ACC1054,ACC1038,CUST009,CUST006,deposit,India,India
164,2025-06-04T18:56:54,39471.39,INR,ACC1032,ACC1092,CUST018,CUST028,transfer,India,India
165,2025-06-03T16:21:22,38425.98,INR,ACC1088,ACC1059,CUST040,CUST012,deposit,India,India
166,2025-06-04T00:05:21,3661.65,INR,ACC1074,ACC1099,CUST048,CUST041,payment,India,India
167,2025-06-05T05:44:11,25913.96,INR,ACC1022,ACC1054,CUST021,CUST009,withdrawal,India,India
168,2025-06-04T08:15:11,12044.25,INR,ACC1082,ACC1065,CUST042,CUST027,payment,India,India
169,2025-06-02T08:39:42,70199.12,INR,ACC1091,ACC1004,CUST039,CUST008,deposit,India,India
170,2025-06-06T22:21:45,18674.06,INR,ACC1054,ACC1069,CUST009,CUST011,transfer,India,India
171,2025-06-07T07:41:14,69686.63,INR,ACC1070,ACC1044,CUST021,CUST001,transfer,India,India
172,2025-06-07T23:34:05,54827.84,INR,ACC1029,ACC1053,CUST017,CUST031,transfer,India,India
173,2025-06-07T23:38:34,15248.8,INR,ACC1034,ACC1003,CUST001,CUST016,withdrawal,India,India
174,2025-06-06T21:19:35,85824.78,INR,ACC1029,ACC1020,CUST017,CUST003,payment,India,India
175,2025-06-05T21:15:42,77698.66,INR,ACC1043,ACC1064,CUST007,CUST002,withdrawal,India,India
176,2025-06-04T13:33:57,67413.33,INR,ACC1016,ACC1087,CUST031,CUST014,payment,India,India
177,2025-06-04T13:00:43,11388.79,INR,ACC1082,ACC1092,CUST042,CUST028,deposit,India,India
178,2025-06-05T11:54:27,60286.09,INR,ACC1063,ACC1016,CUST032,CUST031,transfer,India,India
179,2025-06-04T08:56:17,14211.69,INR,ACC1037,ACC1057,CUST041,CUST004,deposit,India,India
180,2025-06-03T06:04:22,9494.65,INR,ACC1056,ACC1067,CUST011,CUST038,payment,India,India
181,2025-06-01T23:07:36,54881.09,INR,ACC1083,ACC1079,CUST006,CUST028,payment,India,India
182,2025-06-08T05:30:41,88068.91,INR,ACC1085,ACC1093,CUST013,CUST029,transfer,India,India
183,2025-06-03T21:40:30,67525.81,INR,ACC1039,ACC1058,CUST039,CUST043,transfer,India,India
184,2025-06-02T04:54:38,5289.22,INR,ACC1065,ACC1078,CUST027,CUST028,deposit,India,India
185,2025-06-08T01:17:10,8952.64,INR,ACC1008,ACC1064,CUST046,CUST002,deposit,India,India
186,2025-06-07T17:33:53,78246.03,INR,ACC1076,ACC1031,CUST010,CUST007,deposit,India,India
187,2025-06-06T06:26:33,5411.02,INR,ACC1050,ACC1004,CUST003,CUST008,transfer,India,India
188,2025-06-04T13:01:14,44968.33,INR,ACC1041,ACC1067,CUST016,CUST038,payment,India,India
189,2025-06-06T00:10:29,86095.65,INR,ACC1032,ACC1080,CUST018,CUST048,deposit,India,India
190,2025-06-03T16:24:22,56095.4,INR,ACC1048,ACC1051,CUST025,CUST034,withdrawal,Nigeria,India
191,2025-06-04T17:43:57,73492.36,INR,ACC1004,ACC1010,CUST008,CUST027,transfer,India,India
192,2025-06-04T17:42:36,20466.15,INR,ACC1078,ACC1042,CUST028,CUST018,transfer,India,India
193,2025-06-02T09:07:36,86277.7,INR,ACC1042,ACC1096,CUST018,CUST007,withdrawal,India,India
194,2025-06-02T19:01:28,29707.24,INR,ACC1083,ACC1006,CUST006,CUST045,transfer,India,India
195,2025-06-03T16:13:39,53072.33,INR,ACC1085,ACC1075,CUST013,CUST031,withdrawal,India,Nigeria
196,2025-06-04T13:21:55,5562.2,INR,ACC1047,ACC1009,CUST039,CUST016,payment,India,India
197,2025-06-01T17:04:36,65134.56,INR,ACC1035,ACC1031,CUST029,CUST007,deposit,India,India
198,2025-06-05T23:50:51,61858.22,INR,ACC1057,ACC1062,CUST004,CUST038,transfer,India,India
199,2025-06-06T10:49:40,80902.03,INR,ACC1066,ACC1013,CUST040,CUST038,withdrawal,India,India
200,2025-06-03T07:03:42,58454.87,INR,ACC1059,ACC1021,CUST012,CUST031,payment,India,India
201,2025-06-05T18:03:17,75280.61,INR,ACC1061,ACC1013,CUST030,CUST038,payment,India,India
202,2025-06-02T11:18:38,54066.57,INR,ACC1056,ACC1074,CUST011,CUST048,deposit,India,India
203,2025-06-04T23:45:04,65355.83,INR,ACC1067,ACC1099,CUST038,CUST041,transfer,India,India
204,2025-06-03T08:38:48,73678.66,INR,ACC1027,ACC1015,CUST017,CUST002,withdrawal,India,India
205,2025-06-05T04:43:29,85170.79,INR,ACC1032,ACC1001,CUST018,CUST007,withdrawal,India,India
206,2025-06-02T17:27:51,65964.95,INR,ACC1022,ACC1084,CUST021,CUST015,deposit,India,India
207,2025-06-07T09:14:25,72894.7,INR,ACC1065,ACC1056,CUST027,CUST011,deposit,India,India
208,2025-06-05T22:07:41,66931.02,INR,ACC1026,ACC1040,CUST019,CUST031,transfer,India,India
209,2025-06-05T05:51:34,86082.43,INR,ACC1009,ACC1002,CUST016,CUST049,payment,India,India
210,2025-06-05T09:29:17,22791.9,INR,ACC1027,ACC1093,CUST017,CUST029,withdrawal,India,India
211,2025-06-03T06:15:30,85344.97,INR,ACC1068,ACC1065,CUST042,CUST027,deposit,India,India
212,2025-06-02T20:33:41,50490.57,INR,ACC1057,ACC1090,CUST004,CUST030,transfer,India,India
213,2025-06-02T20:32:37,68121.78,INR,ACC1037,ACC1081,CUST041,CUST002,payment,India,India
214,2025-06-01T20:10:44,87289.08,INR,ACC1067,ACC1023,CUST038,CUST047,transfer,India,India
215,2025-06-04T19:17:52,15616.95,INR,ACC1012,ACC1060,CUST040,CUST047,withdrawal,India,India
216,2025-06-05T12:05:56,50525.89,INR,ACC1049,ACC1058,CUST028,CUST043,payment,India,India
217,2025-06-07T22:46:34,65475.78,INR,ACC1009,ACC1073,CUST016,CUST008,payment,India,India
218,2025-06-01T20:14:14,7137.24,INR,ACC1052,ACC1046,CUST013,CUST038,deposit,India,China
219,2025-06-02T03:25:34,33165.25,INR,ACC1057,ACC1076,CUST004,CUST010,withdrawal,India,India
220,2025-06-05T00:21:04,9661.82,INR,ACC1046,ACC1028,CUST038,CUST005,withdrawal,China,Nigeria
221,2025-06-05T04:31:40,28262.52,INR,ACC1091,ACC1058,CUST039,CUST043,deposit,India,India
222,2025-06-07T13:14:18,32717.86,INR,ACC1093,ACC1005,CUST029,CUST024,payment,India,China
223,2025-06-03T07:45:12,4021.88,INR,ACC1054,ACC1065,CUST009,CUST027,deposit,India,India
224,2025-06-07T15:05:11,24554.53,INR,ACC1097,ACC1053,CUST041,CUST031,payment,India,India
225,2025-06-02T17:04:26,23272.7,INR,ACC1019,ACC1065,CUST041,CUST027,transfer,India,India
226,2025-06-04T08:52:34,24422.47,INR,ACC1099,ACC1044,CUST041,CUST001,transfer,India,India
227,2025-06-02T09:47:55,71203.78,INR,ACC1028,ACC1034,CUST005,CUST001,transfer,Nigeria,India
228,2025-06-07T10:52:54,75042.36,INR,ACC1054,ACC1017,CUST009,CUST017,transfer,India,India
229,2025-06-03T23:45:06,6643.63,INR,ACC1039,ACC1080,CUST039,CUST048,withdrawal,India,India
230,2025-06-03T12:23:38,55685.34,INR,ACC1096,ACC1034,CUST007,CUST001,withdrawal,India,India
231,2025-06-06T11:02:02,13153.58,INR,ACC1025,ACC1003,CUST037,CUST016,withdrawal,India,India
232,2025-06-05T23:10:59,65778.42,INR,ACC1098,ACC1063,CUST026,CUST032,deposit,India,India
233,2025-06-06T07:36:46,83336.7,INR,ACC1039,ACC1050,CUST039,CUST003,payment,India,India
234,2025-06-06T05:57:41,58152.68,INR,ACC1020,ACC1075,CUST003,CUST031,withdrawal,India,Nigeria
235,2025-06-04T04:40:43,51660.28,INR,ACC1069,ACC1062,CUST011,CUST038,withdrawal,India,India
236,2025-06-02T03:40:55,20456.84,INR,ACC1007,ACC1079,CUST015,CUST028,transfer,India,India
237,2025-06-03T11:11:28,42405.42,INR,ACC1004,ACC1075,CUST008,CUST031,withdrawal,India,Nigeria
238,2025-06-02T18:04:47,65134.64,INR,ACC1046,ACC1066,CUST038,CUST040,payment,China,India
239,2025-06-07T16:43:35,57898.0,INR,ACC1041,ACC1088,CUST016,CUST040,transfer,India,India
240,2025-06-06T05:18:32,29917.2,INR,ACC1071,ACC1061,CUST030,CUST030,payment,India,India
241,2025-06-07T04:31:10,6029.93,INR,ACC1038,ACC1071,CUST006,CUST030,transfer,India,India
242,2025-06-03T17:32:37,44763.4,INR,ACC1022,ACC1041,CUST021,CUST016,withdrawal,India,India
243,2025-06-06T17:48:53,46343.96,INR,ACC1039,ACC1071,CUST039,CUST030,deposit,India,India
244,2025-06-02T07:40:14,27854.31,INR,ACC1093,ACC1036,CUST029,CUST048,withdrawal,India,India
245,2025-06-06T09:06:45,4069.99,INR,ACC1072,ACC1057,CUST029,CUST004,transfer,India,India
246,2025-06-04T21:26:04,13766.67,INR,ACC1090,ACC1047,CUST030,CUST039,payment,India,India
247,2025-06-04T20:52:50,12585.42,INR,ACC1007,ACC1017,CUST015,CUST017,withdrawal,India,India
248,2025-06-08T01:28:00,17268.02,INR,ACC1075,ACC1059,CUST031,CUST012,withdrawal,Nigeria,India
249,2025-06-08T01:38:01,86199.96,INR,ACC1067,ACC1091,CUST038,CUST039,withdrawal,India,India
250,2025-06-04T03:15:52,38100.02,INR,ACC1049,ACC1099,CUST028,CUST041,withdrawal,India,India
251,2025-06-01T22:15:40,29939.8,INR,ACC1046,ACC1026,CUST038,CUST019,payment,China,India
252,2025-06-04T10:25:35,11270.63,INR,ACC1085,ACC1043,CUST013,CUST007,payment,India,India
253,2025-06-07T10:45:04,63781.55,INR,ACC1034,ACC1006,CUST001,CUST045,withdrawal,India,India
254,2025-06-01T13:57:59,75742.82,INR,ACC1036,ACC1073,CUST048,CUST008,payment,India,India
255,2025-06-05T05:52:26,9829.93,INR,ACC1026,ACC1095,CUST019,CUST037,payment,India,India
256,2025-06-04T22:56:47,44375.91,INR,ACC1095,ACC1031,CUST037,CUST007,payment,India,India
257,2025-06-04T14:03:58,89307.05,INR,ACC1010,ACC1015,CUST027,CUST002,deposit,India,India
258,2025-06-07T14:20:44,21821.63,INR,ACC1023,ACC1010,CUST047,CUST027,withdrawal,India,India
259,2025-06-07T03:10:08,29814.03,INR,ACC1013,ACC1019,CUST038,CUST041,withdrawal,India,India
260,2025-06-03T19:41:15,44641.04,INR,ACC1035,ACC1090,CUST029,CUST030,transfer,India,India
261,2025-06-06T07:51:56,34055.12,INR,ACC1045,ACC1066,CUST010,CUST040,deposit,India,India
262,2025-06-04T00:34:03,61020.26,INR,ACC1051,ACC1073,CUST034,CUST008,deposit,India,India
263,2025-06-08T03:45:04,1123.26,INR,ACC1059,ACC1082,CUST012,CUST042,transfer,India,India
264,2025-06-01T13:20:58,88129.67,INR,ACC1053,ACC1042,CUST031,CUST018,withdrawal,India,India
265,2025-06-02T06:53:40,78501.11,INR,ACC1022,ACC1008,CUST021,CUST046,withdrawal,India,India
266,2025-06-04T05:53:20,28961.76,INR,ACC1010,ACC1042,CUST027,CUST018,deposit,India,India
267,2025-06-01T11:59:45,76988.49,INR,ACC1076,ACC1010,CUST010,CUST027,deposit,India,India
268,2025-06-06T16:23:36,76263.82,INR,ACC1044,ACC1033,CUST001,CUST001,deposit,India,India
269,2025-06-05T00:14:18,89883.87,INR,ACC1035,ACC1083,CUST029,CUST006,transfer,India,India
270,2025-06-02T10:12:46,24432.93,INR,ACC1057,ACC1065,CUST004,CUST027,payment,India,India
271,2025-06-02T00:04:10,71202.51,INR,ACC1091,ACC1022,CUST039,CUST021,payment,India,India
272,2025-06-06T23:04:49,33655.9,INR,ACC1053,ACC1099,CUST031,CUST041,transfer,India,India
273,2025-06-05T19:09:25,43348.07,INR,ACC1040,ACC1085,CUST031,CUST013,payment,India,India
274,2025-06-03T10:25:12,32512.23,INR,ACC1069,ACC1083,CUST011,CUST006,payment,India,India
275,2025-06-06T23:51:03,10520.02,INR,ACC1069,ACC1024,CUST011,CUST016,withdrawal,India,India
276,2025-06-06T23:06:02,20145.19,INR,ACC1026,ACC1047,CUST019,CUST039,deposit,India,India
277,2025-06-06T12:40:59,77882.9,INR,ACC1074,ACC1046,CUST048,CUST038,withdrawal,India,China
278,2025-06-02T12:51:47,20860.19,INR,ACC1027,ACC1086,CUST017,CUST011,transfer,India,India
279,2025-06-05T03:28:57,5558.54,INR,ACC1032,ACC1057,CUST018,CUST004,transfer,India,India
280,2025-06-07T18:00:49,27729.89,INR,ACC1081,ACC1005,CUST002,CUST024,deposit,India,China
281,2025-06-06T03:46:26,47430.75,INR,ACC1050,ACC1100,CUST003,CUST026,transfer,India,India
282,2025-06-05T11:24:41,30352.49,INR,ACC1022,ACC1079,CUST021,CUST028,withdrawal,India,India
283,2025-06-03T16:37:18,41103.7,INR,ACC1093,ACC1031,CUST029,CUST007,deposit,India,India
284,2025-06-03T03:57:46,40660.42,INR,ACC1036,ACC1056,CUST048,CUST011,deposit,India,India
285,2025-06-04T21:33:05,89483.92,INR,ACC1012,ACC1061,CUST040,CUST030,deposit,India,India
286,2025-06-06T04:17:54,8009.32,INR,ACC1071,ACC1077,CUST030,CUST016,transfer,India,India
287,2025-06-06T01:26:07,86584.53,INR,ACC1030,ACC1010,CUST026,CUST027,withdrawal,India,India
288,2025-06-06T21:48:48,1579.58,INR,ACC1048,ACC1050,CUST025,CUST003,payment,Nigeria,India
289,2025-06-05T09:46:38,31804.07,INR,ACC1062,ACC1024,CUST038,CUST016,withdrawal,India,India
290,2025-06-08T02:40:28,51380.19,INR,ACC1073,ACC1062,CUST008,CUST038,deposit,India,India
291,2025-06-02T05:46:52,3057.56,INR,ACC1045,ACC1100,CUST010,CUST026,transfer,India,India
292,2025-06-06T23:03:24,67470.82,INR,ACC1063,ACC1057,CUST032,CUST004,deposit,India,India
293,2025-06-04T05:56:05,75952.3,INR,ACC1002,ACC1073,CUST049,CUST008,withdrawal,India,India
294,2025-06-02T18:12:51,10674.2,INR,ACC1030,ACC1039,CUST026,CUST039,transfer,India,India
295,2025-06-02T13:52:13,84500.47,INR,ACC1092,ACC1088,CUST028,CUST040,withdrawal,India,India
296,2025-06-05T06:22:35,29172.8,INR,ACC1066,ACC1054,CUST040,CUST009,payment,India,India
297,2025-06-01T23:44:16,56934.57,INR,ACC1034,ACC1092,CUST001,CUST028,payment,India,India
298,2025-06-03T21:24:53,8536.32,INR,ACC1097,ACC1011,CUST041,CUST020,deposit,India,India
299,2025-06-02T08:35:58,17210.61,INR,ACC1055,ACC1040,CUST020,CUST031,withdrawal,India,India
300,2025-06-01T10:59:59,65206.77,INR,ACC1017,ACC1085,CUST017,CUST013,deposit,India,India
301,2025-06-07T10:21:33,68800.33,INR,ACC1074,ACC1001,CUST048,CUST007,transfer,India,India
302,2025-06-02T20:31:01,22564.38,INR,ACC1015,ACC1063,CUST002,CUST032,deposit,India,India
303,2025-06-08T02:36:19,86743.99,INR,ACC1006,ACC1065,CUST045,CUST027,transfer,India,India
304,2025-06-03T23:31:40,72449.56,INR,ACC1079,ACC1082,CUST028,CUST042,payment,India,India
305,2025-06-01T21:49:44,73260.52,INR,ACC1069,ACC1025,CUST011,CUST037,payment,India,India
306,2025-06-03T22:10:11,86717.29,INR,ACC1048,ACC1089,CUST025,CUST010,withdrawal,Nigeria,India
307,2025-06-05T22:06:09,67674.3,INR,ACC1075,ACC1046,CUST031,CUST038,transfer,Nigeria,China
308,2025-06-07T23:07:41,70308.35,INR,ACC1081,ACC1091,CUST002,CUST039,transfer,India,India
309,2025-06-07T19:21:57,52712.38,INR,ACC1033,ACC1037,CUST001,CUST041,withdrawal,India,India
310,2025-06-04T13:13:06,14991.9,INR,ACC1014,ACC1020,CUST028,CUST003,withdrawal,India,India
311,2025-06-01T22:09:18,2762.04,INR,ACC1019,ACC1055,CUST041,CUST020,deposit,India,India
312,2025-06-02T13:49:18,86375.08,INR,ACC1064,ACC1009,CUST002,CUST016,payment,India,India
313,2025-06-07T03:12:24,84928.91,INR,ACC1085,ACC1021,CUST013,CUST031,withdrawal,India,India
314,2025-06-06T20:54:09,83338.4,INR,ACC1001,ACC1094,CUST007,CUST042,transfer,India,India
315,2025-06-03T03:59:21,85739.88,INR,ACC1001,ACC1057,CUST007,CUST004,transfer,India,India
316,2025-06-05T08:20:44,48270.89,INR,ACC1011,ACC1012,CUST020,CUST040,payment,India,India
317,2025-06-06T01:04:39,80435.51,INR,ACC1053,ACC1055,CUST031,CUST020,payment,India,India
318,2025-06-04T14:17:07,7099.19,INR,ACC1097,ACC1079,CUST041,CUST028,withdrawal,India,India
319,2025-06-06T23:54:44,38489.62,INR,ACC1005,ACC1067,CUST024,CUST038,transfer,China,India
320,2025-06-02T12:31:14,478.07,INR,ACC1029,ACC1088,CUST017,CUST040,payment,India,India
321,2025-06-04T11:38:13,38163.03,INR,ACC1040,ACC1008,CUST031,CUST046,withdrawal,India,India
322,2025-06-06T20:58:32,43150.37,INR,ACC1026,ACC1042,CUST019,CUST018,payment,India,India
323,2025-06-05T12:11:32,50224.64,INR,ACC1100,ACC1050,CUST026,CUST003,withdrawal,India,India
324,2025-06-06T09:24:21,53031.17,INR,ACC1076,ACC1047,CUST010,CUST039,withdrawal,India,India
325,2025-06-04T03:48:40,70194.27,INR,ACC1040,ACC1029,CUST031,CUST017,transfer,India,India
326,2025-06-04T15:24:26,78749.13,INR,ACC1074,ACC1078,CUST048,CUST028,withdrawal,India,India
327,2025-06-08T05:30:34,32185.63,INR,ACC1021,ACC1043,CUST031,CUST007,transfer,India,India
328,2025-06-07T01:27:22,75669.68,INR,ACC1061,ACC1082,CUST030,CUST042,withdrawal,India,India
329,2025-06-04T11:43:20,17810.56,INR,ACC1084,ACC1041,CUST015,CUST016,withdrawal,India,India
330,2025-06-05T01:03:52,27375.17,INR,ACC1094,ACC1033,CUST042,CUST001,transfer,India,India
331,2025-06-04T09:32:04,35080.11,INR,ACC1025,ACC1062,CUST037,CUST038,transfer,India,India
332,2025-06-05T08:13:00,31287.29,INR,ACC1066,ACC1046,CUST040,CUST038,payment,India,China
333,2025-06-03T15:09:32,64865.84,INR,ACC1024,ACC1005,CUST016,CUST024,withdrawal,India,China
334,2025-06-06T06:51:19,20407.27,INR,ACC1085,ACC1056,CUST013,CUST011,withdrawal,India,India
335,2025-06-06T03:15:22,24842.67,INR,ACC1019,ACC1007,CUST041,CUST015,transfer,India,India
336,2025-06-06T01:19:05,39970.83,INR,ACC1022,ACC1007,CUST021,CUST015,transfer,India,India
337,2025-06-06T06:18:15,16777.23,INR,ACC1075,ACC1092,CUST031,CUST028,deposit,Nigeria,India
338,2025-06-07T20:23:21,25547.05,INR,ACC1031,ACC1037,CUST007,CUST041,withdrawal,India,India
339,2025-06-08T04:54:22,31591.23,INR,ACC1052,ACC1006,CUST013,CUST045,payment,India,India
340,2025-06-05T01:09:54,1696.41,INR,ACC1090,ACC1060,CUST030,CUST047,withdrawal,India,India
341,2025-06-06T19:48:41,62879.88,INR,ACC1074,ACC1034,CUST048,CUST001,transfer,India,India
342,2025-06-08T02:50:54,60153.62,INR,ACC1077,ACC1055,CUST016,CUST020,transfer,India,India
343,2025-06-07T21:13:08,58535.07,INR,ACC1011,ACC1041,CUST020,CUST016,transfer,India,India
344,2025-06-05T20:38:36,56160.94,INR,ACC1093,ACC1045,CUST029,CUST010,transfer,India,India
345,2025-06-05T03:30:01,66755.83,INR,ACC1099,ACC1041,CUST041,CUST016,transfer,India,India
346,2025-06-03T02:39:14,1451.91,INR,ACC1088,ACC1063,CUST040,CUST032,payment,India,India
347,2025-06-07T07:06:35,1878.82,INR,ACC1026,ACC1007,CUST019,CUST015,payment,India,India
348,2025-06-06T14:11:41,63083.11,INR,ACC1019,ACC1100,CUST041,CUST026,deposit,India,India
349,2025-06-02T13:28:13,84634.11,INR,ACC1060,ACC1088,CUST047,CUST040,deposit,India,India
350,2025-06-04T00:17:35,85737.0,INR,ACC1051,ACC1021,CUST034,CUST031,transfer,India,India
351,2025-06-04T17:41:50,31087.82,INR,ACC1055,ACC1023,CUST020,CUST047,deposit,India,India
352,2025-06-05T12:50:46,6132.19,INR,ACC1031,ACC1056,CUST007,CUST011,transfer,India,India
353,2025-06-04T00:44:15,11998.32,INR,ACC1032,ACC1049,CUST018,CUST028,payment,India,India
354,2025-06-03T06:21:23,2925.23,INR,ACC1018,ACC1095,CUST044,CUST037,withdrawal,India,India
355,2025-06-06T20:00:44,89832.7,INR,ACC1040,ACC1067,CUST031,CUST038,transfer,India,India
356,2025-06-02T17:35:56,42193.41,INR,ACC1084,ACC1007,CUST015,CUST015,transfer,India,India
357,2025-06-02T01:15:02,7522.25,INR,ACC1086,ACC1054,CUST011,CUST009,withdrawal,India,India
358,2025-06-05T23:51:35,8222.01,INR,ACC1036,ACC1065,CUST048,CUST027,transfer,India,India
359,2025-06-08T06:28:57,62053.83,INR,ACC1069,ACC1097,CUST011,CUST041,deposit,India,India
360,2025-06-06T21:22:05,71740.12,INR,ACC1032,ACC1080,CUST018,CUST048,payment,India,India
361,2025-06-03T03:35:23,27839.87,INR,ACC1048,ACC1092,CUST025,CUST028,payment,Nigeria,India
362,2025-06-01T10:21:36,50575.3,INR,ACC1053,ACC1046,CUST031,CUST038,transfer,India,China
363,2025-06-05T01:05:15,60785.46,INR,ACC1016,ACC1075,CUST031,CUST031,transfer,India,Nigeria
364,2025-06-06T11:52:00,87454.42,INR,ACC1046,ACC1073,CUST038,CUST008,withdrawal,China,India
365,2025-06-06T03:11:18,27963.74,INR,ACC1027,ACC1094,CUST017,CUST042,payment,India,India
366,2025-06-03T10:33:48,12396.51,INR,ACC1074,ACC1080,CUST048,CUST048,transfer,India,India
367,2025-06-06T23:52:34,39337.56,INR,ACC1023,ACC1084,CUST047,CUST015,transfer,India,India
368,2025-06-02T10:10:09,71502.41,INR,ACC1075,ACC1063,CUST031,CUST032,transfer,Nigeria,India
369,2025-06-01T15:57:19,28725.34,INR,ACC1037,ACC1063,CUST041,CUST032,deposit,India,India
370,2025-06-07T01:05:07,50377.69,INR,ACC1020,ACC1096,CUST003,CUST007,payment,India,India
371,2025-06-04T12:48:03,40819.91,INR,ACC1056,ACC1075,CUST011,CUST031,transfer,India,Nigeria
372,2025-06-02T10:12:38,49209.45,INR,ACC1084,ACC1054,CUST015,CUST009,payment,India,India
373,2025-06-07T07:08:24,54482.53,INR,ACC1036,ACC1059,CUST048,CUST012,transfer,India,India
374,2025-06-06T18:35:32,37148.3,INR,ACC1088,ACC1085,CUST040,CUST013,withdrawal,India,India
375,2025-06-06T12:45:24,75418.13,INR,ACC1016,ACC1085,CUST031,CUST013,withdrawal,India,India
376,2025-06-01T18:02:03,77593.07,INR,ACC1010,ACC1073,CUST027,CUST008,deposit,India,India
377,2025-06-03T07:55:12,27189.27,INR,ACC1037,ACC1091,CUST041,CUST039,deposit,India,India
378,2025-06-05T11:01:34,21522.23,INR,ACC1100,ACC1006,CUST026,CUST045,deposit,India,India
379,2025-06-05T19:26:27,17155.91,INR,ACC1086,ACC1036,CUST011,CUST048,payment,India,India
380,2025-06-08T05:42:43,14547.16,INR,ACC1091,ACC1087,CUST039,CUST014,payment,India,India
381,2025-06-07T20:11:30,75292.87,INR,ACC1100,ACC1021,CUST026,CUST031,payment,India,India
382,2025-06-07T14:22:20,50721.42,INR,ACC1014,ACC1057,CUST028,CUST004,deposit,India,India
383,2025-06-05T01:47:33,74518.8,INR,ACC1071,ACC1060,CUST030,CUST047,deposit,India,India
384,2025-06-08T02:15:30,40776.12,INR,ACC1055,ACC1069,CUST020,CUST011,transfer,India,India
385,2025-06-01T18:35:06,16377.26,INR,ACC1004,ACC1001,CUST008,CUST007,deposit,India,India
386,2025-06-01T09:14:42,37175.02,INR,ACC1056,ACC1075,CUST011,CUST031,withdrawal,India,Nigeria
387,2025-06-07T18:52:15,55483.32,INR,ACC1003,ACC1073,CUST016,CUST008,deposit,India,India
388,2025-06-02T02:46:42,19981.57,INR,ACC1081,ACC1008,CUST002,CUST046,transfer,India,India
389,2025-06-01T09:52:28,53535.19,INR,ACC1002,ACC1041,CUST049,CUST016,deposit,India,India
390,2025-06-07T11:26:12,73372.49,INR,ACC1021,ACC1064,CUST031,CUST002,withdrawal,India,India
391,2025-06-01T17:02:19,56514.13,INR,ACC1025,ACC1028,CUST037,CUST005,withdrawal,India,Nigeria
392,2025-06-04T18:34:38,50038.79,INR,ACC1020,ACC1002,CUST003,CUST049,withdrawal,India,India
393,2025-06-06T04:58:20,57996.13,INR,ACC1044,ACC1077,CUST001,CUST016,payment,India,India
394,2025-06-06T20:05:05,86503.02,INR,ACC1085,ACC1095,CUST013,CUST037,transfer,India,India
395,2025-06-04T10:09:14,68357.33,INR,ACC1020,ACC1008,CUST003,CUST046,withdrawal,India,India
396,2025-06-01T23:01:20,19305.95,INR,ACC1088,ACC1094,CUST040,CUST042,transfer,India,India
397,2025-06-03T15:15:28,69325.9,INR,ACC1017,ACC1084,CUST017,CUST015,withdrawal,India,India
398,2025-06-05T09:54:49,35414.36,INR,ACC1090,ACC1049,CUST030,CUST028,payment,India,India
399,2025-06-05T02:08:25,46048.62,INR,ACC1027,ACC1017,CUST017,CUST017,payment,India,India
400,2025-06-05T16:06:09,43230.8,INR,ACC1098,ACC1022,CUST026,CUST021,deposit,India,India
401,2025-06-07T04:24:22,7545.94,INR,ACC1067,ACC1034,CUST038,CUST001,deposit,India,India
402,2025-06-06T08:44:58,62865.61,INR,ACC1090,ACC1050,CUST030,CUST003,deposit,India,India
403,2025-06-08T02:18:13,73363.69,INR,ACC1025,ACC1082,CUST037,CUST042,transfer,India,India
404,2025-06-04T15:10:30,11019.32,INR,ACC1005,ACC1097,CUST024,CUST041,payment,China,India
405,2025-06-05T16:45:44,7664.54,INR,ACC1087,ACC1039,CUST014,CUST039,payment,India,India
406,2025-06-03T11:23:12,62540.39,INR,ACC1047,ACC1031,CUST039,CUST007,transfer,India,India
407,2025-06-07T23:10:47,61812.62,INR,ACC1097,ACC1037,CUST041,CUST041,deposit,India,India
408,2025-06-08T02:32:26,75683.89,INR,ACC1052,ACC1086,CUST013,CUST011,withdrawal,India,India
409,2025-06-04T19:05:36,59564.86,INR,ACC1016,ACC1054,CUST031,CUST009,transfer,India,India
410,2025-06-06T16:52:56,43633.48,INR,ACC1012,ACC1008,CUST040,CUST046,payment,India,India
411,2025-06-07T03:34:23,53946.81,INR,ACC1080,ACC1084,CUST048,CUST015,withdrawal,India,India
412,2025-06-01T18:50:55,18992.51,INR,ACC1024,ACC1075,CUST016,CUST031,deposit,India,Nigeria
413,2025-06-06T23:28:38,68246.82,INR,ACC1037,ACC1097,CUST041,CUST041,deposit,India,India
414,2025-06-01T17:55:08,8071.17,INR,ACC1087,ACC1031,CUST014,CUST007,payment,India,India
415,2025-06-06T21:24:10,36272.73,INR,ACC1096,ACC1062,CUST007,CUST038,payment,India,India
416,2025-06-04T17:34:35,56666.52,INR,ACC1081,ACC1059,CUST002,CUST012,withdrawal,India,India
417,2025-06-07T20:37:51,37907.03,INR,ACC1007,ACC1091,CUST015,CUST039,deposit,India,India
418,2025-06-03T23:42:05,31403.27,INR,ACC1088,ACC1023,CUST040,CUST047,transfer,India,India
419,2025-06-07T00:21:12,57274.47,INR,ACC1060,ACC1076,CUST047,CUST010,deposit,India,India
420,2025-06-04T21:01:36,66902.25,INR,ACC1046,ACC1075,CUST038,CUST031,payment,China,Nigeria
421,2025-06-02T13:51:02,13710.01,INR,ACC1066,ACC1006,CUST040,CUST045,transfer,India,India
422,2025-06-05T03:09:31,27455.79,INR,ACC1062,ACC1034,CUST038,CUST001,deposit,India,India
423,2025-06-01T15:16:19,53432.33,INR,ACC1087,ACC1089,CUST014,CUST010,deposit,India,India
424,2025-06-08T05:25:56,46768.48,INR,ACC1035,ACC1042,CUST029,CUST018,withdrawal,India,India
425,2025-06-04T05:10:00,88232.39,INR,ACC1022,ACC1036,CUST021,CUST048,withdrawal,India,India
426,2025-06-06T14:26:55,81408.88,INR,ACC1088,ACC1036,CUST040,CUST048,deposit,India,India
427,2025-06-04T21:43:41,76501.64,INR,ACC1081,ACC1051,CUST002,CUST034,transfer,India,India
428,2025-06-05T03:49:57,17927.83,INR,ACC1008,ACC1041,CUST046,CUST016,payment,India,India
429,2025-06-06T23:08:38,74052.97,INR,ACC1069,ACC1057,CUST011,CUST004,transfer,India,India
430,2025-06-06T16:43:17,2047.24,INR,ACC1076,ACC1057,CUST010,CUST004,withdrawal,India,India
431,2025-06-08T03:46:32,29791.35,INR,ACC1080,ACC1025,CUST048,CUST037,payment,India,India
432,2025-06-03T18:17:00,89739.62,INR,ACC1010,ACC1009,CUST027,CUST016,payment,India,India
433,2025-06-01T12:00:03,65781.61,INR,ACC1083,ACC1087,CUST006,CUST014,payment,India,India
434,2025-06-04T12:54:37,72231.51,INR,ACC1035,ACC1043,CUST029,CUST007,deposit,India,India
435,2025-06-06T20:34:31,9027.3,INR,ACC1018,ACC1017,CUST044,CUST017,payment,India,India
436,2025-06-04T14:36:43,28466.95,INR,ACC1054,ACC1022,CUST009,CUST021,deposit,India,India
437,2025-06-06T10:00:34,6665.07,INR,ACC1043,ACC1092,CUST007,CUST028,withdrawal,India,India
438,2025-06-01T20:05:15,85434.58,INR,ACC1063,ACC1080,CUST032,CUST048,transfer,India,India
439,2025-06-02T12:32:40,46631.96,INR,ACC1011,ACC1083,CUST020,CUST006,payment,India,India
440,2025-06-08T03:26:02,68831.47,INR,ACC1071,ACC1055,CUST030,CUST020,payment,India,India
441,2025-06-08T05:42:38,5849.05,INR,ACC1025,ACC1054,CUST037,CUST009,deposit,India,India
442,2025-06-02T18:52:37,66575.76,INR,ACC1051,ACC1070,CUST034,CUST021,payment,India,India
443,2025-06-07T23:38:14,25588.3,INR,ACC1034,ACC1052,CUST001,CUST013,payment,India,India
444,2025-06-07T02:35:40,80741.49,INR,ACC1065,ACC1084,CUST027,CUST015,transfer,India,India
445,2025-06-07T22:12:30,34484.02,INR,ACC1022,ACC1026,CUST021,CUST019,transfer,India,India
446,2025-06-04T13:23:12,64326.53,INR,ACC1100,ACC1026,CUST026,CUST019,withdrawal,India,India
447,2025-06-03T03:09:30,81865.86,INR,ACC1098,ACC1046,CUST026,CUST038,transfer,India,China
448,2025-06-07T07:55:56,51454.18,INR,ACC1075,ACC1011,CUST031,CUST020,withdrawal,Nigeria,India
449,2025-06-07T13:22:20,15460.21,INR,ACC1006,ACC1090,CUST045,CUST030,transfer,India,India
450,2025-06-08T06:02:49,75442.03,INR,ACC1025,ACC1069,CUST037,CUST011,transfer,India,India
451,2025-06-01T21:24:56,15325.65,INR,ACC1028,ACC1078,CUST005,CUST028,deposit,Nigeria,India
452,2025-06-05T07:32:17,69387.8,INR,ACC1007,ACC1033,CUST015,CUST001,deposit,India,India
453,2025-06-03T06:24:01,83192.14,INR,ACC1043,ACC1082,CUST007,CUST042,withdrawal,India,India
454,2025-06-06T02:36:30,38463.65,INR,ACC1047,ACC1043,CUST039,CUST007,withdrawal,India,India
455,2025-06-06T05:23:04,30630.3,INR,ACC1042,ACC1098,CUST018,CUST026,transfer,India,India
456,2025-06-02T03:23:13,36534.0,INR,ACC1026,ACC1083,CUST019,CUST006,withdrawal,India,India
457,2025-06-02T17:26:28,52070.3,INR,ACC1011,ACC1045,CUST020,CUST010,payment,India,India
458,2025-06-04T06:21:54,89050.26,INR,ACC1086,ACC1066,CUST011,CUST040,withdrawal,India,India
459,2025-06-03T13:47:40,70033.49,INR,ACC1053,ACC1078,CUST031,CUST028,withdrawal,India,India
460,2025-06-01T09:20:37,81919.38,INR,ACC1064,ACC1013,CUST002,CUST038,deposit,India,India
461,2025-06-04T03:30:31,61986.95,INR,ACC1089,ACC1085,CUST010,CUST013,deposit,India,India
462,2025-06-05T23:23:58,42764.87,INR,ACC1094,ACC1051,CUST042,CUST034,deposit,India,India
463,2025-06-02T03:12:57,29884.65,INR,ACC1084,ACC1069,CUST015,CUST011,deposit,India,India
464,2025-06-01T14:54:38,83209.94,INR,ACC1098,ACC1042,CUST026,CUST018,payment,India,India
465,2025-06-05T18:07:00,43627.27,INR,ACC1054,ACC1072,CUST009,CUST029,withdrawal,India,India
466,2025-06-02T22:39:27,13763.95,INR,ACC1041,ACC1094,CUST016,CUST042,payment,India,India
467,2025-06-07T03:55:13,48582.79,INR,ACC1081,ACC1040,CUST002,CUST031,deposit,India,India
468,2025-06-05T14:53:08,15091.32,INR,ACC1064,ACC1067,CUST002,CUST038,transfer,India,India
469,2025-06-04T23:49:17,34413.57,INR,ACC1037,ACC1001,CUST041,CUST007,transfer,India,India
470,2025-06-04T20:08:51,51128.43,INR,ACC1043,ACC1041,CUST007,CUST016,transfer,India,India
471,2025-06-07T13:49:51,84710.48,INR,ACC1040,ACC1013,CUST031,CUST038,transfer,India,India
472,2025-06-07T13:51:18,10773.57,INR,ACC1055,ACC1012,CUST020,CUST040,payment,India,India
473,2025-06-04T21:20:21,72526.29,INR,ACC1018,ACC1041,CUST044,CUST016,transfer,India,India
474,2025-06-01T21:45:57,42500.13,INR,ACC1023,ACC1006,CUST047,CUST045,transfer,India,India
475,2025-06-02T09:57:26,81208.84,INR,ACC1080,ACC1050,CUST048,CUST003,transfer,India,India
476,2025-06-06T07:18:20,31740.07,INR,ACC1076,ACC1080,CUST010,CUST048,payment,India,India
477,2025-06-06T02:58:03,54223.6,INR,ACC1002,ACC1032,CUST049,CUST018,deposit,India,India
478,2025-06-02T10:21:35,45075.24,INR,ACC1089,ACC1009,CUST010,CUST016,withdrawal,India,India
479,2025-06-02T18:10:32,60071.23,INR,ACC1001,ACC1062,CUST007,CUST038,deposit,India,India
480,2025-06-03T07:20:52,76956.5,INR,ACC1075,ACC1067,CUST031,CUST038,deposit,Nigeria,India
481,2025-06-01T11:37:20,753.56,INR,ACC1021,ACC1054,CUST031,CUST009,payment,India,India
482,2025-06-04T03:48:39,41331.7,INR,ACC1003,ACC1093,CUST016,CUST029,deposit,India,India
483,2025-06-02T20:31:00,22015.76,INR,ACC1060,ACC1038,CUST047,CUST006,payment,India,India
484,2025-06-02T18:46:35,5285.11,INR,ACC1025,ACC1084,CUST037,CUST015,payment,India,India
485,2025-06-02T13:11:41,88038.62,INR,ACC1018,ACC1019,CUST044,CUST041,deposit,India,India
486,2025-06-06T15:18:42,36276.98,INR,ACC1017,ACC1031,CUST017,CUST007,transfer,India,India
487,2025-06-05T18:55:32,1714.13,INR,ACC1051,ACC1018,CUST034,CUST044,transfer,India,India
488,2025-06-02T12:28:11,41208.01,INR,ACC1043,ACC1094,CUST007,CUST042,payment,India,India
489,2025-06-07T16:51:04,35531.31,INR,ACC1059,ACC1014,CUST012,CUST028,deposit,India,India
490,2025-06-07T15:10:24,8512.77,INR,ACC1046,ACC1040,CUST038,CUST031,transfer,China,India
491,2025-06-08T02:29:07,64467.19,INR,ACC1015,ACC1023,CUST002,CUST047,payment,India,India
492,2025-06-05T21:07:02,48899.69,INR,ACC1069,ACC1072,CUST011,CUST029,transfer,India,India
493,2025-06-05T14:25:36,86140.52,INR,ACC1002,ACC1029,CUST049,CUST017,transfer,India,India
494,2025-06-02T12:42:51,4698.09,INR,ACC1060,ACC1069,CUST047,CUST011,transfer,India,India
495,2025-06-06T07:04:54,27477.0,INR,ACC1050,ACC1022,CUST003,CUST021,payment,India,India
496,2025-06-04T12:55:47,8365.26,INR,ACC1073,ACC1022,CUST008,CUST021,payment,India,India
497,2025-06-06T01:07:01,16843.33,INR,ACC1010,ACC1061,CUST027,CUST030,withdrawal,India,India
498,2025-06-06T02:38:40,21977.79,INR,ACC1074,ACC1041,CUST048,CUST016,payment,India,India
499,2025-06-04T12:01:17,13571.11,INR,ACC1081,ACC1080,CUST002,CUST048,deposit,India,India
500,2025-06-03T13:34:56,53361.43,INR,ACC1010,ACC1005,CUST027,CUST024,deposit,India,China
501,2025-06-07T01:24:34,61457.79,INR,ACC1028,ACC1065,CUST005,CUST027,transfer,Nigeria,India
502,2025-06-08T07:15:13,87453.61,INR,ACC1091,ACC1043,CUST039,CUST007,deposit,India,India
503,2025-06-04T17:31:05,28478.3,INR,ACC1016,ACC1048,CUST031,CUST025,deposit,India,Nigeria
504,2025-06-05T10:35:33,31665.54,INR,ACC1072,ACC1037,CUST029,CUST041,transfer,India,India
505,2025-06-04T20:40:48,77914.23,INR,ACC1092,ACC1004,CUST028,CUST008,transfer,India,India
506,2025-06-01T16:34:40,22271.98,INR,ACC1078,ACC1099,CUST028,CUST041,transfer,India,India
507,2025-06-02T12:00:05,14579.92,INR,ACC1042,ACC1003,CUST018,CUST016,transfer,India,India
508,2025-06-07T21:13:27,83437.1,INR,ACC1058,ACC1006,CUST043,CUST045,transfer,India,India
509,2025-06-03T23:27:12,2622.85,INR,ACC1039,ACC1048,CUST039,CUST025,withdrawal,India,Nigeria
510,2025-06-07T04:21:30,32771.69,INR,ACC1011,ACC1003,CUST020,CUST016,deposit,India,India
511,2025-06-03T21:48:39,69762.3,INR,ACC1026,ACC1075,CUST019,CUST031,deposit,India,Nigeria
512,2025-06-07T11:43:13,31674.43,INR,ACC1015,ACC1008,CUST002,CUST046,withdrawal,India,India
513,2025-06-05T17:08:18,28318.71,INR,ACC1099,ACC1052,CUST041,CUST013,deposit,India,India
514,2025-06-05T18:12:16,26616.31,INR,ACC1035,ACC1073,CUST029,CUST008,deposit,India,India
515,2025-06-06T23:48:05,62922.44,INR,ACC1053,ACC1045,CUST031,CUST010,deposit,India,India
516,2025-06-05T19:43:22,4292.73,INR,ACC1008,ACC1025,CUST046,CUST037,withdrawal,India,India
517,2025-06-02T11:29:31,19949.89,INR,ACC1093,ACC1012,CUST029,CUST040,deposit,India,India
518,2025-06-06T05:20:05,72486.55,INR,ACC1070,ACC1098,CUST021,CUST026,withdrawal,India,India
519,2025-06-03T22:00:11,10955.38,INR,ACC1037,ACC1044,CUST041,CUST001,transfer,India,India
520,2025-06-07T00:00:20,27616.16,INR,ACC1043,ACC1056,CUST007,CUST011,deposit,India,India
521,2025-06-07T10:17:38,42222.09,INR,ACC1091,ACC1021,CUST039,CUST031,deposit,India,India
522,2025-06-07T09:27:08,74414.63,INR,ACC1092,ACC1057,CUST028,CUST004,transfer,India,India
523,2025-06-02T22:37:48,39804.58,INR,ACC1039,ACC1096,CUST039,CUST007,withdrawal,India,India
524,2025-06-07T11:11:04,88182.82,INR,ACC1033,ACC1100,CUST001,CUST026,payment,India,India
525,2025-06-02T08:55:34,43332.07,INR,ACC1026,ACC1073,CUST019,CUST008,transfer,India,India
526,2025-06-04T23:58:26,19473.14,INR,ACC1011,ACC1090,CUST020,CUST030,withdrawal,India,India
527,2025-06-08T05:58:29,2496.23,INR,ACC1067,ACC1045,CUST038,CUST010,withdrawal,India,India
528,2025-06-01T15:39:56,64725.1,INR,ACC1021,ACC1008,CUST031,CUST046,deposit,India,India
529,2025-06-02T22:52:54,47391.64,INR,ACC1036,ACC1031,CUST048,CUST007,withdrawal,India,India
530,2025-06-07T02:27:48,87939.34,INR,ACC1033,ACC1022,CUST001,CUST021,deposit,India,India
531,2025-06-03T10:46:03,31401.14,INR,ACC1048,ACC1032,CUST025,CUST018,transfer,Nigeria,India
532,2025-06-05T10:27:09,32832.52,INR,ACC1053,ACC1055,CUST031,CUST020,withdrawal,India,India
533,2025-06-05T23:31:17,44854.31,INR,ACC1017,ACC1088,CUST017,CUST040,withdrawal,India,India
534,2025-06-03T10:09:04,24599.64,INR,ACC1023,ACC1061,CUST047,CUST030,transfer,India,India
535,2025-06-08T08:44:19,1207.48,INR,ACC1096,ACC1008,CUST007,CUST046,transfer,India,India
536,2025-06-02T16:06:26,6698.79,INR,ACC1018,ACC1071,CUST044,CUST030,deposit,India,India
537,2025-06-03T11:45:46,31682.89,INR,ACC1024,ACC1003,CUST016,CUST016,deposit,India,India
538,2025-06-01T21:26:09,78649.49,INR,ACC1082,ACC1067,CUST042,CUST038,payment,India,India
539,2025-06-05T21:45:48,43627.62,INR,ACC1070,ACC1018,CUST021,CUST044,payment,India,India
540,2025-06-01T10:21:41,85192.13,INR,ACC1055,ACC1049,CUST020,CUST028,withdrawal,India,India
541,2025-06-06T17:34:16,67548.03,INR,ACC1003,ACC1067,CUST016,CUST038,payment,India,India
542,2025-06-06T07:12:44,86723.24,INR,ACC1003,ACC1029,CUST016,CUST017,transfer,India,India
543,2025-06-01T22:18:49,35971.97,INR,ACC1077,ACC1022,CUST016,CUST021,payment,India,India
544,2025-06-02T03:49:49,45922.96,INR,ACC1087,ACC1041,CUST014,CUST016,payment,India,India
545,2025-06-06T18:33:53,81079.21,INR,ACC1097,ACC1092,CUST041,CUST028,withdrawal,India,India
546,2025-06-02T17:53:06,78318.51,INR,ACC1010,ACC1030,CUST027,CUST026,transfer,India,India
547,2025-06-05T14:41:35,58513.19,INR,ACC1078,ACC1067,CUST028,CUST038,payment,India,India
548,2025-06-07T13:37:18,16213.68,INR,ACC1073,ACC1069,CUST008,CUST011,payment,India,India
549,2025-06-03T13:12:47,58060.85,INR,ACC1018,ACC1060,CUST044,CUST047,transfer,India,India
550,2025-06-06T18:23:13,42956.64,INR,ACC1020,ACC1066,CUST003,CUST040,withdrawal,India,India
551,2025-06-06T01:52:18,71950.8,INR,ACC1011,ACC1036,CUST020,CUST048,deposit,India,India
552,2025-06-04T01:20:32,79322.27,INR,ACC1048,ACC1012,CUST025,CUST040,payment,Nigeria,India
553,2025-06-06T18:14:29,52884.41,INR,ACC1010,ACC1077,CUST027,CUST016,payment,India,India
554,2025-06-01T14:53:06,37145.52,INR,ACC1030,ACC1072,CUST026,CUST029,transfer,India,India
555,2025-06-06T22:42:46,47140.21,INR,ACC1070,ACC1043,CUST021,CUST007,payment,India,India
556,2025-06-05T11:29:31,88416.39,INR,ACC1029,ACC1064,CUST017,CUST002,withdrawal,India,India
557,2025-06-02T02:48:53,48247.11,INR,ACC1080,ACC1093,CUST048,CUST029,deposit,India,India
558,2025-06-02T02:35:05,63839.74,INR,ACC1038,ACC1004,CUST006,CUST008,transfer,India,India
559,2025-06-01T22:57:34,7726.4,INR,ACC1017,ACC1064,CUST017,CUST002,withdrawal,India,India
560,2025-06-04T15:55:44,22858.14,INR,ACC1041,ACC1051,CUST016,CUST034,withdrawal,India,India
561,2025-06-02T03:22:24,41995.45,INR,ACC1030,ACC1083,CUST026,CUST006,deposit,India,India
562,2025-06-02T21:35:15,84207.22,INR,ACC1039,ACC1021,CUST039,CUST031,payment,India,India
563,2025-06-06T13:08:39,7022.11,INR,ACC1021,ACC1026,CUST031,CUST019,transfer,India,India
564,2025-06-02T00:58:52,13939.81,INR,ACC1026,ACC1089,CUST019,CUST010,deposit,India,India
565,2025-06-02T18:50:43,45548.28,INR,ACC1063,ACC1067,CUST032,CUST038,transfer,India,India
566,2025-06-06T09:40:04,72758.04,INR,ACC1053,ACC1017,CUST031,CUST017,transfer,India,India
567,2025-06-06T05:24:31,32998.74,INR,ACC1090,ACC1042,CUST030,CUST018,transfer,India,India
568,2025-06-01T10:43:44,34339.26,INR,ACC1035,ACC1021,CUST029,CUST031,payment,India,India
569,2025-06-05T21:32:36,7511.35,INR,ACC1091,ACC1100,CUST039,CUST026,transfer,India,India
570,2025-06-05T06:50:21,84806.39,INR,ACC1033,ACC1094,CUST001,CUST042,transfer,India,India
571,2025-06-06T13:13:25,70141.92,INR,ACC1030,ACC1064,CUST026,CUST002,deposit,India,India
572,2025-06-05T17:32:13,911.43,INR,ACC1045,ACC1063,CUST010,CUST032,transfer,India,India
573,2025-06-06T06:41:13,72894.93,INR,ACC1067,ACC1041,CUST038,CUST016,payment,India,India
574,2025-06-05T23:11:43,75196.47,INR,ACC1082,ACC1051,CUST042,CUST034,deposit,India,India
575,2025-06-06T12:24:42,58650.31,INR,ACC1046,ACC1078,CUST038,CUST028,withdrawal,China,India
576,2025-06-03T09:26:56,46442.21,INR,ACC1007,ACC1074,CUST015,CUST048,deposit,India,India
577,2025-06-07T07:18:24,26672.31,INR,ACC1069,ACC1003,CUST011,CUST016,withdrawal,India,India
578,2025-06-03T05:24:39,30272.41,INR,ACC1031,ACC1022,CUST007,CUST021,transfer,India,India
579,2025-06-03T17:07:10,52555.04,INR,ACC1087,ACC1008,CUST014,CUST046,payment,India,India
580,2025-06-04T13:13:42,11533.53,INR,ACC1082,ACC1029,CUST042,CUST017,withdrawal,India,India
581,2025-06-02T04:20:24,23696.55,INR,ACC1038,ACC1031,CUST006,CUST007,deposit,India,India
582,2025-06-05T05:02:35,86664.89,INR,ACC1030,ACC1009,CUST026,CUST016,transfer,India,India
583,2025-06-04T07:12:28,84504.51,INR,ACC1067,ACC1095,CUST038,CUST037,deposit,India,India
584,2025-06-01T12:05:50,14414.95,INR,ACC1087,ACC1083,CUST014,CUST006,transfer,India,India
585,2025-06-01T22:00:18,37445.86,INR,ACC1016,ACC1052,CUST031,CUST013,withdrawal,India,India
586,2025-06-04T09:37:21,20098.49,INR,ACC1091,ACC1088,CUST039,CUST040,deposit,India,India
587,2025-06-03T12:38:57,56192.98,INR,ACC1089,ACC1042,CUST010,CUST018,withdrawal,India,India
588,2025-06-06T09:16:11,84262.28,INR,ACC1015,ACC1066,CUST002,CUST040,withdrawal,India,India
589,2025-06-08T07:42:34,25674.33,INR,ACC1055,ACC1095,CUST020,CUST037,deposit,India,India
590,2025-06-06T16:15:35,81246.05,INR,ACC1025,ACC1065,CUST037,CUST027,transfer,India,India
591,2025-06-05T19:39:12,37267.08,INR,ACC1087,ACC1033,CUST014,CUST001,payment,India,India
592,2025-06-03T16:23:52,36609.42,INR,ACC1002,ACC1068,CUST049,CUST042,withdrawal,India,India
593,2025-06-01T15:35:20,86397.99,INR,ACC1081,ACC1068,CUST002,CUST042,payment,India,India
594,2025-06-02T08:51:34,83185.64,INR,ACC1053,ACC1016,CUST031,CUST031,deposit,India,India
595,2025-06-04T08:24:31,50312.01,INR,ACC1048,ACC1082,CUST025,CUST042,deposit,Nigeria,India
596,2025-06-05T09:13:27,55522.19,INR,ACC1045,ACC1072,CUST010,CUST029,withdrawal,India,India
597,2025-06-07T12:37:09,32307.06,INR,ACC1066,ACC1095,CUST040,CUST037,payment,India,India
598,2025-06-02T14:47:12,63081.1,INR,ACC1081,ACC1004,CUST002,CUST008,payment,India,India
599,2025-06-08T07:53:05,62985.87,INR,ACC1090,ACC1027,CUST030,CUST017,withdrawal,India,India
600,2025-06-02T13:55:29,17405.07,INR,ACC1095,ACC1009,CUST037,CUST016,transfer,India,India
601,2025-06-02T19:50:43,18228.84,INR,ACC1090,ACC1021,CUST030,CUST031,transfer,India,India
602,2025-06-04T22:55:22,64504.51,INR,ACC1092,ACC1023,CUST028,CUST047,payment,India,India
603,2025-06-07T02:32:48,24739.74,INR,ACC1048,ACC1054,CUST025,CUST009,payment,Nigeria,India
604,2025-06-04T07:55:06,53849.6,INR,ACC1097,ACC1030,CUST041,CUST026,withdrawal,India,India
605,2025-06-07T17:47:22,13074.23,INR,ACC1054,ACC1071,CUST009,CUST030,payment,India,India
606,2025-06-06T12:19:30,6167.25,INR,ACC1062,ACC1093,CUST038,CUST029,payment,India,India
607,2025-06-04T11:36:18,84471.18,INR,ACC1051,ACC1015,CUST034,CUST002,payment,India,India
608,2025-06-04T09:24:43,66650.72,INR,ACC1085,ACC1060,CUST013,CUST047,payment,India,India
609,2025-06-02T09:12:03,58517.32,INR,ACC1075,ACC1060,CUST031,CUST047,deposit,Nigeria,India
610,2025-06-05T07:03:08,6753.93,INR,ACC1024,ACC1010,CUST016,CUST027,transfer,India,India
611,2025-06-05T12:42:51,88352.79,INR,ACC1090,ACC1013,CUST030,CUST038,deposit,India,India
612,2025-06-02T12:08:12,61175.61,INR,ACC1090,ACC1005,CUST030,CUST024,withdrawal,India,China
613,2025-06-02T09:49:23,10086.06,INR,ACC1059,ACC1090,CUST012,CUST030,withdrawal,India,India
614,2025-06-05T05:48:49,57535.67,INR,ACC1004,ACC1075,CUST008,CUST031,transfer,India,Nigeria
615,2025-06-05T18:58:17,20055.63,INR,ACC1030,ACC1065,CUST026,CUST027,payment,India,India
616,2025-06-06T21:17:57,751.79,INR,ACC1004,ACC1059,CUST008,CUST012,deposit,India,India
617,2025-06-02T16:19:58,46094.4,INR,ACC1028,ACC1042,CUST005,CUST018,transfer,Nigeria,India
618,2025-06-04T13:40:31,77169.08,INR,ACC1077,ACC1081,CUST016,CUST002,deposit,India,India
619,2025-06-04T01:12:07,8061.89,INR,ACC1005,ACC1016,CUST024,CUST031,deposit,China,India
620,2025-06-04T12:02:43,49154.71,INR,ACC1026,ACC1021,CUST019,CUST031,transfer,India,India
621,2025-06-06T08:28:46,59606.66,INR,ACC1015,ACC1004,CUST002,CUST008,withdrawal,India,India
622,2025-06-07T02:07:13,19624.09,INR,ACC1057,ACC1012,CUST004,CUST040,withdrawal,India,India
623,2025-06-02T12:13:08,86964.13,INR,ACC1021,ACC1034,CUST031,CUST001,deposit,India,India
624,2025-06-06T20:31:38,62738.08,INR,ACC1041,ACC1039,CUST016,CUST039,transfer,India,India
625,2025-06-02T11:09:53,2072.55,INR,ACC1007,ACC1085,CUST015,CUST013,deposit,India,India
626,2025-06-04T07:14:37,63567.82,INR,ACC1041,ACC1088,CUST016,CUST040,withdrawal,India,India
627,2025-06-03T15:53:30,53753.77,INR,ACC1027,ACC1042,CUST017,CUST018,payment,India,India
628,2025-06-02T23:21:59,89832.26,INR,ACC1035,ACC1015,CUST029,CUST002,deposit,India,India
629,2025-06-02T16:45:14,28513.94,INR,ACC1057,ACC1061,CUST004,CUST030,payment,India,India
630,2025-06-07T15:11:11,63667.78,INR,ACC1034,ACC1015,CUST001,CUST002,transfer,India,India
631,2025-06-07T18:13:13,62323.13,INR,ACC1059,ACC1058,CUST012,CUST043,payment,India,India
632,2025-06-08T03:26:15,15994.21,INR,ACC1100,ACC1001,CUST026,CUST007,transfer,India,India
633,2025-06-06T08:41:11,15505.78,INR,ACC1005,ACC1012,CUST024,CUST040,transfer,China,India
634,2025-06-04T22:38:45,35148.95,INR,ACC1028,ACC1052,CUST005,CUST013,withdrawal,Nigeria,India
635,2025-06-06T12:01:47,85570.46,INR,ACC1099,ACC1013,CUST041,CUST038,payment,India,India
636,2025-06-08T07:11:38,23344.85,INR,ACC1091,ACC1009,CUST039,CUST016,transfer,India,India
637,2025-06-07T14:37:16,5398.97,INR,ACC1048,ACC1060,CUST025,CUST047,transfer,Nigeria,India
638,2025-06-05T07:21:51,24645.11,INR,ACC1010,ACC1007,CUST027,CUST015,deposit,India,India
639,2025-06-05T20:17:56,33537.43,INR,ACC1021,ACC1077,CUST031,CUST016,transfer,India,India
640,2025-06-04T08:06:22,76733.83,INR,ACC1085,ACC1001,CUST013,CUST007,transfer,India,India
641,2025-06-05T14:40:41,68820.28,INR,ACC1079,ACC1097,CUST028,CUST041,withdrawal,India,India
642,2025-06-06T22:30:32,63775.42,INR,ACC1065,ACC1096,CUST027,CUST007,transfer,India,India
643,2025-06-05T07:01:58,84375.34,INR,ACC1027,ACC1083,CUST017,CUST006,deposit,India,India
644,2025-06-04T12:59:25,41227.35,INR,ACC1098,ACC1046,CUST026,CUST038,deposit,India,China
645,2025-06-01T15:19:02,46541.58,INR,ACC1065,ACC1090,CUST027,CUST030,withdrawal,India,India
646,2025-06-05T13:10:35,25749.23,INR,ACC1093,ACC1062,CUST029,CUST038,transfer,India,India
647,2025-06-06T18:10:32,45504.11,INR,ACC1084,ACC1063,CUST015,CUST032,transfer,India,India
648,2025-06-07T07:21:47,72486.05,INR,ACC1064,ACC1055,CUST002,CUST020,payment,India,India
649,2025-06-05T17:44:46,86392.11,INR,ACC1003,ACC1054,CUST016,CUST009,withdrawal,India,India
650,2025-06-06T16:44:03,15339.65,INR,ACC1025,ACC1073,CUST037,CUST008,deposit,India,India
651,2025-06-07T10:46:27,32992.19,INR,ACC1020,ACC1028,CUST003,CUST005,transfer,India,Nigeria
652,2025-06-04T21:59:26,58046.25,INR,ACC1075,ACC1062,CUST031,CUST038,deposit,Nigeria,India
653,2025-06-03T20:56:20,18297.58,INR,ACC1017,ACC1055,CUST017,CUST020,transfer,India,India
654,2025-06-01T19:46:09,87101.91,INR,ACC1088,ACC1086,CUST040,CUST011,payment,India,India
655,2025-06-04T03:33:13,58943.38,INR,ACC1067,ACC1013,CUST038,CUST038,deposit,India,India
656,2025-06-05T17:03:38,68134.57,INR,ACC1059,ACC1066,CUST012,CUST040,transfer,India,India
657,2025-06-05T05:40:44,56153.07,INR,ACC1033,ACC1084,CUST001,CUST015,deposit,India,India
658,2025-06-01T11:11:26,43202.41,INR,ACC1006,ACC1026,CUST045,CUST019,payment,India,India
659,2025-06-04T14:33:04,57006.73,INR,ACC1010,ACC1086,CUST027,CUST011,deposit,India,India
660,2025-06-06T23:41:51,5194.14,INR,ACC1083,ACC1034,CUST006,CUST001,transfer,India,India
661,2025-06-02T06:48:05,41477.79,INR,ACC1074,ACC1012,CUST048,CUST040,deposit,India,India
662,2025-06-06T01:08:07,13431.72,INR,ACC1067,ACC1015,CUST038,CUST002,transfer,India,India
663,2025-06-02T02:32:31,82251.79,INR,ACC1002,ACC1091,CUST049,CUST039,transfer,India,India
664,2025-06-07T22:32:21,2401.22,INR,ACC1082,ACC1062,CUST042,CUST038,withdrawal,India,India
665,2025-06-08T07:12:24,25491.9,INR,ACC1061,ACC1077,CUST030,CUST016,transfer,India,India
666,2025-06-02T20:03:16,3727.63,INR,ACC1029,ACC1046,CUST017,CUST038,deposit,India,China
667,2025-06-07T13:36:19,89696.66,INR,ACC1022,ACC1079,CUST021,CUST028,deposit,India,India
668,2025-06-03T10:46:11,84772.69,INR,ACC1082,ACC1021,CUST042,CUST031,deposit,India,India
669,2025-06-03T15:39:46,28991.81,INR,ACC1078,ACC1083,CUST028,CUST006,payment,India,India
670,2025-06-07T21:04:38,75338.58,INR,ACC1012,ACC1033,CUST040,CUST001,withdrawal,India,India
671,2025-06-05T12:29:17,83995.78,INR,ACC1020,ACC1008,CUST003,CUST046,transfer,India,India
672,2025-06-08T08:49:43,47895.11,INR,ACC1035,ACC1062,CUST029,CUST038,payment,India,India
673,2025-06-05T07:55:38,14305.18,INR,ACC1081,ACC1046,CUST002,CUST038,deposit,India,China
674,2025-06-01T16:45:46,48510.83,INR,ACC1077,ACC1041,CUST016,CUST016,deposit,India,India
675,2025-06-05T04:42:30,8678.48,INR,ACC1071,ACC1025,CUST030,CUST037,transfer,India,India
676,2025-06-07T18:19:40,12405.34,INR,ACC1010,ACC1061,CUST027,CUST030,deposit,India,India
677,2025-06-08T07:37:50,67600.04,INR,ACC1068,ACC1003,CUST042,CUST016,withdrawal,India,India
678,2025-06-02T18:45:23,41130.1,INR,ACC1095,ACC1034,CUST037,CUST001,transfer,India,India
679,2025-06-03T03:10:34,69636.61,INR,ACC1062,ACC1093,CUST038,CUST029,payment,India,India
680,2025-06-03T07:15:12,46636.29,INR,ACC1094,ACC1022,CUST042,CUST021,payment,India,India
681,2025-06-03T02:14:39,38457.89,INR,ACC1052,ACC1090,CUST013,CUST030,deposit,India,India
682,2025-06-04T23:26:23,23832.04,INR,ACC1030,ACC1085,CUST026,CUST013,deposit,India,India
683,2025-06-07T06:16:12,25030.32,INR,ACC1028,ACC1097,CUST005,CUST041,deposit,Nigeria,India
684,2025-06-05T03:52:08,85856.21,INR,ACC1097,ACC1012,CUST041,CUST040,deposit,India,India
685,2025-06-03T11:14:08,59885.33,INR,ACC1055,ACC1021,CUST020,CUST031,deposit,India,India
686,2025-06-01T12:35:35,5303.35,INR,ACC1017,ACC1032,CUST017,CUST018,withdrawal,India,India
687,2025-06-04T14:34:18,22772.17,INR,ACC1075,ACC1081,CUST031,CUST002,withdrawal,Nigeria,India
688,2025-06-02T04:35:19,61734.39,INR,ACC1044,ACC1043,CUST001,CUST007,withdrawal,India,India
689,2025-06-04T14:08:42,21016.95,INR,ACC1060,ACC1001,CUST047,CUST007,transfer,India,India
690,2025-06-02T20:57:14,61183.09,INR,ACC1015,ACC1068,CUST002,CUST042,withdrawal,India,India
691,2025-06-06T23:11:47,27803.0,INR,ACC1059,ACC1034,CUST012,CUST001,withdrawal,India,India
692,2025-06-08T02:52:43,85473.91,INR,ACC1001,ACC1100,CUST007,CUST026,withdrawal,India,India
693,2025-06-08T05:17:32,48769.79,INR,ACC1018,ACC1057,CUST044,CUST004,payment,India,India
694,2025-06-07T19:06:00,73458.98,INR,ACC1037,ACC1013,CUST041,CUST038,withdrawal,India,India
695,2025-06-05T17:30:43,89936.0,INR,ACC1007,ACC1036,CUST015,CUST048,withdrawal,India,India
696,2025-06-03T12:47:11,61266.45,INR,ACC1090,ACC1100,CUST030,CUST026,transfer,India,India
697,2025-06-01T10:45:02,1446.92,INR,ACC1095,ACC1054,CUST037,CUST009,withdrawal,India,India
698,2025-06-06T13:22:42,13445.83,INR,ACC1070,ACC1005,CUST021,CUST024,payment,India,China
699,2025-06-02T01:33:53,88756.28,INR,ACC1028,ACC1044,CUST005,CUST001,transfer,Nigeria,India
700,2025-06-05T01:53:16,14380.1,INR,ACC1059,ACC1038,CUST012,CUST006,deposit,India,India
701,2025-06-08T00:01:47,27477.13,INR,ACC1022,ACC1053,CUST021,CUST031,transfer,India,India
702,2025-06-02T14:46:45,70277.04,INR,ACC1058,ACC1029,CUST043,CUST017,deposit,India,India
703,2025-06-05T19:58:38,5240.0,INR,ACC1004,ACC1013,CUST008,CUST038,withdrawal,India,India
704,2025-06-01T17:48:58,88585.64,INR,ACC1034,ACC1004,CUST001,CUST008,withdrawal,India,India
705,2025-06-05T13:43:41,5284.53,INR,ACC1038,ACC1056,CUST006,CUST011,transfer,India,India
706,2025-06-06T09:10:53,49336.99,INR,ACC1006,ACC1020,CUST045,CUST003,payment,India,India
707,2025-06-04T16:37:16,26419.65,INR,ACC1007,ACC1060,CUST015,CUST047,payment,India,India
708,2025-06-05T12:04:05,70481.18,INR,ACC1068,ACC1091,CUST042,CUST039,deposit,India,India
709,2025-06-07T09:25:57,15002.25,INR,ACC1048,ACC1052,CUST025,CUST013,deposit,Nigeria,India
710,2025-06-03T21:08:43,38970.62,INR,ACC1030,ACC1077,CUST026,CUST016,payment,India,India
711,2025-06-07T20:08:01,29072.64,INR,ACC1002,ACC1099,CUST049,CUST041,withdrawal,India,India
712,2025-06-04T05:07:14,84315.74,INR,ACC1084,ACC1056,CUST015,CUST011,deposit,India,India
713,2025-06-05T05:07:08,19401.31,INR,ACC1026,ACC1016,CUST019,CUST031,deposit,India,India
714,2025-06-01T11:51:40,5280.38,INR,ACC1075,ACC1055,CUST031,CUST020,payment,Nigeria,India
715,2025-06-08T06:23:22,16846.62,INR,ACC1008,ACC1003,CUST046,CUST016,withdrawal,India,India
716,2025-06-02T08:56:04,68726.12,INR,ACC1061,ACC1002,CUST030,CUST049,payment,India,India
717,2025-06-04T13:17:17,11253.4,INR,ACC1015,ACC1067,CUST002,CUST038,transfer,India,India
718,2025-06-03T14:26:20,9243.87,INR,ACC1002,ACC1085,CUST049,CUST013,payment,India,India
719,2025-06-06T13:35:15,7481.89,INR,ACC1053,ACC1003,CUST031,CUST016,withdrawal,India,India
720,2025-06-01T17:19:44,56617.13,INR,ACC1023,ACC1008,CUST047,CUST046,transfer,India,India
721,2025-06-03T15:29:58,7560.1,INR,ACC1048,ACC1086,CUST025,CUST011,transfer,Nigeria,India
722,2025-06-01T16:51:48,86327.28,INR,ACC1093,ACC1074,CUST029,CUST048,payment,India,India
723,2025-06-01T09:30:38,33281.14,INR,ACC1088,ACC1099,CUST040,CUST041,transfer,India,India
724,2025-06-07T21:06:31,41353.96,INR,ACC1053,ACC1078,CUST031,CUST028,transfer,India,India
725,2025-06-05T12:31:25,4060.67,INR,ACC1058,ACC1067,CUST043,CUST038,deposit,India,India
726,2025-06-07T02:17:38,36343.28,INR,ACC1100,ACC1097,CUST026,CUST041,deposit,India,India
727,2025-06-03T07:55:15,42560.13,INR,ACC1068,ACC1020,CUST042,CUST003,withdrawal,India,India
728,2025-06-06T02:51:10,49688.66,INR,ACC1025,ACC1075,CUST037,CUST031,withdrawal,India,Nigeria
729,2025-06-07T11:01:39,16262.37,INR,ACC1020,ACC1096,CUST003,CUST007,deposit,India,India
730,2025-06-01T10:43:37,80630.11,INR,ACC1084,ACC1059,CUST015,CUST012,transfer,India,India
731,2025-06-03T17:25:31,9296.35,INR,ACC1058,ACC1098,CUST043,CUST026,transfer,India,India
732,2025-06-02T19:43:50,6310.28,INR,ACC1044,ACC1014,CUST001,CUST028,payment,India,India
733,2025-06-04T02:13:33,25679.35,INR,ACC1003,ACC1099,CUST016,CUST041,payment,India,India
734,2025-06-02T01:52:59,12392.18,INR,ACC1061,ACC1011,CUST030,CUST020,payment,India,India
735,2025-06-01T12:24:02,48563.05,INR,ACC1002,ACC1027,CUST049,CUST017,payment,India,India
736,2025-06-03T00:09:54,62116.85,INR,ACC1012,ACC1090,CUST040,CUST030,transfer,India,India
737,2025-06-07T22:29:04,65858.19,INR,ACC1088,ACC1028,CUST040,CUST005,withdrawal,India,Nigeria
738,2025-06-05T19:07:16,411.09,INR,ACC1086,ACC1016,CUST011,CUST031,transfer,India,India
739,2025-06-07T05:53:45,17153.66,INR,ACC1074,ACC1087,CUST048,CUST014,withdrawal,India,India
740,2025-06-07T21:30:04,80096.55,INR,ACC1096,ACC1083,CUST007,CUST006,withdrawal,India,India
741,2025-06-07T23:33:57,10282.47,INR,ACC1055,ACC1033,CUST020,CUST001,withdrawal,India,India
742,2025-06-05T15:30:30,73842.97,INR,ACC1092,ACC1073,CUST028,CUST008,transfer,India,India
743,2025-06-06T18:47:44,4633.35,INR,ACC1082,ACC1023,CUST042,CUST047,payment,India,India
744,2025-06-04T08:13:58,74621.14,INR,ACC1073,ACC1041,CUST008,CUST016,transfer,India,India
745,2025-06-05T22:20:03,42129.6,INR,ACC1033,ACC1031,CUST001,CUST007,deposit,India,India
746,2025-06-06T18:22:35,30106.36,INR,ACC1071,ACC1070,CUST030,CUST021,payment,India,India
747,2025-06-01T11:04:02,1953.47,INR,ACC1081,ACC1028,CUST002,CUST005,withdrawal,India,Nigeria
748,2025-06-05T19:40:11,21377.75,INR,ACC1020,ACC1099,CUST003,CUST041,payment,India,India
749,2025-06-02T07:31:46,14913.67,INR,ACC1100,ACC1035,CUST026,CUST029,deposit,India,India
750,2025-06-07T10:11:49,65843.31,INR,ACC1057,ACC1095,CUST004,CUST037,payment,India,India
751,2025-06-02T11:05:34,4265.59,INR,ACC1013,ACC1059,CUST038,CUST012,payment,India,India
752,2025-06-05T09:29:23,80944.98,INR,ACC1019,ACC1028,CUST041,CUST005,withdrawal,India,Nigeria
753,2025-06-03T23:01:49,6720.22,INR,ACC1059,ACC1054,CUST012,CUST009,deposit,India,India
754,2025-06-07T19:45:17,1961.02,INR,ACC1011,ACC1015,CUST020,CUST002,transfer,India,India
755,2025-06-03T19:28:50,55617.39,INR,ACC1044,ACC1089,CUST001,CUST010,deposit,India,India
756,2025-06-04T01:25:09,87384.3,INR,ACC1059,ACC1025,CUST012,CUST037,withdrawal,India,India
757,2025-06-03T02:24:41,73205.86,INR,ACC1070,ACC1001,CUST021,CUST007,deposit,India,India
758,2025-06-05T05:23:17,5542.9,INR,ACC1003,ACC1071,CUST016,CUST030,withdrawal,India,India
759,2025-06-07T13:19:04,76333.47,INR,ACC1085,ACC1033,CUST013,CUST001,transfer,India,India
760,2025-06-05T14:02:07,49359.81,INR,ACC1001,ACC1007,CUST007,CUST015,payment,India,India
761,2025-06-07T15:59:10,71441.04,INR,ACC1086,ACC1009,CUST011,CUST016,withdrawal,India,India
762,2025-06-03T11:18:00,28570.7,INR,ACC1052,ACC1092,CUST013,CUST028,deposit,India,India
763,2025-06-06T17:11:53,32515.35,INR,ACC1038,ACC1087,CUST006,CUST014,withdrawal,India,India
764,2025-06-07T22:17:32,22887.97,INR,ACC1024,ACC1096,CUST016,CUST007,withdrawal,India,India
765,2025-06-07T19:08:38,79616.63,INR,ACC1064,ACC1084,CUST002,CUST015,payment,India,India
766,2025-06-06T12:42:32,776.78,INR,ACC1054,ACC1019,CUST009,CUST041,transfer,India,India
767,2025-06-02T22:18:57,58932.53,INR,ACC1061,ACC1097,CUST030,CUST041,deposit,India,India
768,2025-06-03T18:54:04,41171.19,INR,ACC1011,ACC1091,CUST020,CUST039,payment,India,India
769,2025-06-05T12:59:42,18196.95,INR,ACC1084,ACC1078,CUST015,CUST028,deposit,India,India
770,2025-06-02T10:48:26,26724.76,INR,ACC1028,ACC1019,CUST005,CUST041,withdrawal,Nigeria,India
771,2025-06-05T17:45:43,13348.93,INR,ACC1058,ACC1028,CUST043,CUST005,payment,India,Nigeria
772,2025-06-03T04:18:05,53802.93,INR,ACC1040,ACC1006,CUST031,CUST045,deposit,India,India
773,2025-06-07T00:34:00,10501.34,INR,ACC1077,ACC1081,CUST016,CUST002,withdrawal,India,India
774,2025-06-07T18:15:32,87250.45,INR,ACC1012,ACC1081,CUST040,CUST002,payment,India,India
775,2025-06-04T21:02:43,47241.11,INR,ACC1031,ACC1072,CUST007,CUST029,withdrawal,India,India
776,2025-06-03T16:52:35,19093.92,INR,ACC1018,ACC1063,CUST044,CUST032,withdrawal,India,India
777,2025-06-04T06:36:57,65623.43,INR,ACC1099,ACC1090,CUST041,CUST030,deposit,India,India
778,2025-06-03T22:38:53,2022.69,INR,ACC1021,ACC1083,CUST031,CUST006,transfer,India,India
779,2025-06-05T14:29:41,45522.21,INR,ACC1077,ACC1088,CUST016,CUST040,transfer,India,India
780,2025-06-03T17:47:04,6472.7,INR,ACC1086,ACC1027,CUST011,CUST017,transfer,India,India
781,2025-06-03T03:40:39,71907.41,INR,ACC1032,ACC1051,CUST018,CUST034,withdrawal,India,India
782,2025-06-06T12:19:32,79378.85,INR,ACC1062,ACC1088,CUST038,CUST040,payment,India,India
783,2025-06-07T13:50:59,21936.25,INR,ACC1057,ACC1095,CUST004,CUST037,withdrawal,India,India
784,2025-06-06T12:33:52,48215.76,INR,ACC1076,ACC1061,CUST010,CUST030,withdrawal,India,India
785,2025-06-01T15:04:36,11164.26,INR,ACC1033,ACC1049,CUST001,CUST028,transfer,India,India
786,2025-06-05T08:40:24,31375.07,INR,ACC1073,ACC1018,CUST008,CUST044,transfer,India,India
787,2025-06-06T21:57:41,20718.13,INR,ACC1031,ACC1032,CUST007,CUST018,deposit,India,India
788,2025-06-05T01:56:53,26955.0,INR,ACC1066,ACC1063,CUST040,CUST032,withdrawal,India,India
789,2025-06-02T11:38:54,18240.57,INR,ACC1040,ACC1052,CUST031,CUST013,deposit,India,India
790,2025-06-01T18:20:22,54763.88,INR,ACC1043,ACC1017,CUST007,CUST017,withdrawal,India,India
791,2025-06-04T08:16:23,5901.76,INR,ACC1049,ACC1020,CUST028,CUST003,transfer,India,India
792,2025-06-04T07:44:38,13264.85,INR,ACC1075,ACC1062,CUST031,CUST038,transfer,Nigeria,India
793,2025-06-06T14:58:33,77069.87,INR,ACC1016,ACC1072,CUST031,CUST029,transfer,India,India
794,2025-06-05T09:48:01,30610.17,INR,ACC1045,ACC1056,CUST010,CUST011,payment,India,India
795,2025-06-03T11:12:34,13419.26,INR,ACC1055,ACC1069,CUST020,CUST011,withdrawal,India,India
796,2025-06-05T23:19:50,35246.51,INR,ACC1095,ACC1098,CUST037,CUST026,withdrawal,India,India
797,2025-06-05T02:09:32,45722.64,INR,ACC1083,ACC1013,CUST006,CUST038,transfer,India,India
798,2025-06-03T07:52:27,49976.22,INR,ACC1099,ACC1023,CUST041,CUST047,withdrawal,India,India
799,2025-06-08T03:42:49,19051.87,INR,ACC1029,ACC1043,CUST017,CUST007,payment,India,India
800,2025-06-07T07:15:26,26502.33,INR,ACC1002,ACC1099,CUST049,CUST041,deposit,India,India
801,2025-06-05T08:07:12,69085.67,INR,ACC1028,ACC1063,CUST005,CUST032,deposit,Nigeria,India
802,2025-06-03T16:43:39,54469.81,INR,ACC1035,ACC1024,CUST029,CUST016,withdrawal,India,India
803,2025-06-02T03:36:50,47303.64,INR,ACC1024,ACC1061,CUST016,CUST030,withdrawal,India,India
804,2025-06-02T05:05:57,78257.45,INR,ACC1067,ACC1018,CUST038,CUST044,payment,India,India
805,2025-06-04T05:35:57,21285.55,INR,ACC1015,ACC1056,CUST002,CUST011,transfer,India,India
806,2025-06-06T05:44:58,6735.39,INR,ACC1015,ACC1100,CUST002,CUST026,withdrawal,India,India
807,2025-06-02T07:03:58,29065.78,INR,ACC1028,ACC1087,CUST005,CUST014,deposit,Nigeria,India
808,2025-06-07T11:52:02,31906.4,INR,ACC1036,ACC1064,CUST048,CUST002,payment,India,India
809,2025-06-02T14:15:23,71581.11,INR,ACC1011,ACC1053,CUST020,CUST031,payment,India,India
810,2025-06-03T05:58:29,39353.93,INR,ACC1041,ACC1037,CUST016,CUST041,withdrawal,India,India
811,2025-06-04T13:23:45,9322.6,INR,ACC1086,ACC1069,CUST011,CUST011,withdrawal,India,India
812,2025-06-03T02:28:59,42305.03,INR,ACC1007,ACC1080,CUST015,CUST048,withdrawal,India,India
813,2025-06-05T04:09:05,18266.37,INR,ACC1018,ACC1092,CUST044,CUST028,transfer,India,India
814,2025-06-05T07:24:03,63420.47,INR,ACC1045,ACC1004,CUST010,CUST008,transfer,India,India
815,2025-06-07T21:59:39,40858.15,INR,ACC1007,ACC1060,CUST015,CUST047,deposit,India,India
816,2025-06-04T06:36:34,84712.13,INR,ACC1087,ACC1073,CUST014,CUST008,withdrawal,India,India
817,2025-06-03T16:57:14,59526.62,INR,ACC1079,ACC1072,CUST028,CUST029,withdrawal,India,India
818,2025-06-02T05:01:34,58308.34,INR,ACC1020,ACC1068,CUST003,CUST042,deposit,India,India
819,2025-06-05T18:07:29,29284.76,INR,ACC1027,ACC1083,CUST017,CUST006,deposit,India,India
820,2025-06-05T00:21:02,86057.19,INR,ACC1035,ACC1074,CUST029,CUST048,withdrawal,India,India
821,2025-06-05T10:53:02,26277.6,INR,ACC1044,ACC1037,CUST001,CUST041,payment,India,India
822,2025-06-07T14:24:33,81628.79,INR,ACC1099,ACC1087,CUST041,CUST014,withdrawal,India,India
823,2025-06-05T19:36:20,48808.97,INR,ACC1052,ACC1009,CUST013,CUST016,withdrawal,India,India
824,2025-06-04T09:04:51,16631.64,INR,ACC1066,ACC1034,CUST040,CUST001,deposit,India,India
825,2025-06-04T18:26:25,29745.36,INR,ACC1021,ACC1037,CUST031,CUST041,deposit,India,India
826,2025-06-02T09:10:25,64678.7,INR,ACC1063,ACC1057,CUST032,CUST004,withdrawal,India,India
827,2025-06-05T07:03:05,59624.1,INR,ACC1047,ACC1061,CUST039,CUST030,transfer,India,India
828,2025-06-05T02:32:08,20672.17,INR,ACC1020,ACC1001,CUST003,CUST007,transfer,India,India
829,2025-06-03T01:41:34,59498.92,INR,ACC1060,ACC1076,CUST047,CUST010,withdrawal,India,India
830,2025-06-06T03:56:55,46460.57,INR,ACC1043,ACC1046,CUST007,CUST038,withdrawal,India,China
831,2025-06-03T23:24:01,45585.41,INR,ACC1052,ACC1086,CUST013,CUST011,payment,India,India
832,2025-06-08T03:02:22,45458.55,INR,ACC1021,ACC1004,CUST031,CUST008,transfer,India,India
833,2025-06-02T00:21:00,32996.75,INR,ACC1066,ACC1029,CUST040,CUST017,deposit,India,India
834,2025-06-02T17:15:43,44828.46,INR,ACC1063,ACC1013,CUST032,CUST038,payment,India,India
835,2025-06-02T12:16:23,20432.51,INR,ACC1043,ACC1086,CUST007,CUST011,deposit,India,India
836,2025-06-05T02:39:16,11374.48,INR,ACC1057,ACC1072,CUST004,CUST029,withdrawal,India,India
837,2025-06-02T04:35:20,807.43,INR,ACC1070,ACC1050,CUST021,CUST003,deposit,India,India
838,2025-06-02T11:45:48,76716.78,INR,ACC1005,ACC1002,CUST024,CUST049,transfer,China,India
839,2025-06-01T16:08:48,62209.94,INR,ACC1087,ACC1042,CUST014,CUST018,deposit,India,India
840,2025-06-03T04:25:46,89055.76,INR,ACC1060,ACC1017,CUST047,CUST017,deposit,India,India
841,2025-06-02T02:35:52,77445.31,INR,ACC1056,ACC1087,CUST011,CUST014,deposit,India,India
842,2025-06-06T23:31:18,80058.09,INR,ACC1013,ACC1023,CUST038,CUST047,deposit,India,India
843,2025-06-05T18:41:08,40117.99,INR,ACC1025,ACC1056,CUST037,CUST011,withdrawal,India,India
844,2025-06-03T16:17:55,22258.2,INR,ACC1071,ACC1015,CUST030,CUST002,deposit,India,India
845,2025-06-05T02:21:22,3766.13,INR,ACC1033,ACC1062,CUST001,CUST038,deposit,India,India
846,2025-06-01T23:16:24,10139.09,INR,ACC1066,ACC1098,CUST040,CUST026,payment,India,India
847,2025-06-06T19:35:52,65071.7,INR,ACC1050,ACC1020,CUST003,CUST003,transfer,India,India
848,2025-06-07T07:35:56,9683.52,INR,ACC1057,ACC1081,CUST004,CUST002,deposit,India,India
849,2025-06-06T22:50:31,83628.23,INR,ACC1057,ACC1021,CUST004,CUST031,withdrawal,India,India
850,2025-06-05T15:27:52,39146.16,INR,ACC1064,ACC1038,CUST002,CUST006,payment,India,India
851,2025-06-06T17:22:12,51390.5,INR,ACC1028,ACC1060,CUST005,CUST047,deposit,Nigeria,India
852,2025-06-01T13:15:47,4380.73,INR,ACC1038,ACC1033,CUST006,CUST001,transfer,India,India
853,2025-06-05T04:33:56,84787.14,INR,ACC1021,ACC1079,CUST031,CUST028,withdrawal,India,India
854,2025-06-06T13:05:35,75082.01,INR,ACC1095,ACC1070,CUST037,CUST021,deposit,India,India
855,2025-06-07T12:42:16,27731.06,INR,ACC1048,ACC1025,CUST025,CUST037,withdrawal,Nigeria,India
856,2025-06-05T22:21:18,22221.83,INR,ACC1063,ACC1050,CUST032,CUST003,transfer,India,India
857,2025-06-03T06:56:48,14575.28,INR,ACC1087,ACC1042,CUST014,CUST018,payment,India,India
858,2025-06-01T22:49:43,33066.95,INR,ACC1093,ACC1052,CUST029,CUST013,deposit,India,India
859,2025-06-05T04:24:18,26440.54,INR,ACC1005,ACC1067,CUST024,CUST038,deposit,China,India
860,2025-06-04T07:46:54,82291.97,INR,ACC1029,ACC1088,CUST017,CUST040,payment,India,India
861,2025-06-04T10:07:47,77173.15,INR,ACC1046,ACC1057,CUST038,CUST004,deposit,China,India
862,2025-06-05T01:09:44,57210.57,INR,ACC1010,ACC1083,CUST027,CUST006,deposit,India,India
863,2025-06-04T10:56:31,3304.61,INR,ACC1007,ACC1060,CUST015,CUST047,payment,India,India
864,2025-06-06T15:24:45,56990.8,INR,ACC1004,ACC1074,CUST008,CUST048,deposit,India,India
865,2025-06-04T07:07:13,47718.59,INR,ACC1095,ACC1016,CUST037,CUST031,payment,India,India
866,2025-06-07T19:10:59,10648.23,INR,ACC1004,ACC1012,CUST008,CUST040,withdrawal,India,India
867,2025-06-07T15:16:01,17587.37,INR,ACC1060,ACC1067,CUST047,CUST038,deposit,India,India
868,2025-06-05T07:48:22,10194.32,INR,ACC1048,ACC1057,CUST025,CUST004,withdrawal,Nigeria,India
869,2025-06-02T09:48:42,4000.48,INR,ACC1005,ACC1059,CUST024,CUST012,withdrawal,China,India
870,2025-06-02T04:22:44,34420.01,INR,ACC1037,ACC1095,CUST041,CUST037,deposit,India,India
871,2025-06-07T10:22:56,27375.26,INR,ACC1048,ACC1087,CUST025,CUST014,transfer,Nigeria,India
872,2025-06-01T13:56:58,16774.62,INR,ACC1091,ACC1010,CUST039,CUST027,payment,India,India
873,2025-06-04T18:32:50,74558.31,INR,ACC1053,ACC1080,CUST031,CUST048,deposit,India,India
874,2025-06-06T02:25:32,14163.12,INR,ACC1081,ACC1094,CUST002,CUST042,deposit,India,India
875,2025-06-02T14:40:02,28215.04,INR,ACC1087,ACC1033,CUST014,CUST001,withdrawal,India,India
876,2025-06-04T07:20:21,60348.7,INR,ACC1074,ACC1052,CUST048,CUST013,withdrawal,India,India
877,2025-06-04T23:26:15,2329.44,INR,ACC1078,ACC1058,CUST028,CUST043,transfer,India,India
878,2025-06-04T05:19:13,79806.7,INR,ACC1061,ACC1044,CUST030,CUST001,withdrawal,India,India
879,2025-06-07T07:05:40,85584.97,INR,ACC1015,ACC1005,CUST002,CUST024,withdrawal,India,China
880,2025-06-06T21:53:56,86691.48,INR,ACC1066,ACC1094,CUST040,CUST042,transfer,India,India
881,2025-06-05T10:36:29,45794.37,INR,ACC1042,ACC1052,CUST018,CUST013,payment,India,India
882,2025-06-03T02:31:38,28058.9,INR,ACC1098,ACC1083,CUST026,CUST006,withdrawal,India,India
883,2025-06-03T15:33:31,36590.91,INR,ACC1020,ACC1053,CUST003,CUST031,payment,India,India
884,2025-06-02T18:36:07,27794.63,INR,ACC1034,ACC1008,CUST001,CUST046,payment,India,India
885,2025-06-07T16:50:08,10787.87,INR,ACC1082,ACC1056,CUST042,CUST011,withdrawal,India,India
886,2025-06-04T03:57:37,59831.86,INR,ACC1039,ACC1076,CUST039,CUST010,payment,India,India
887,2025-06-06T21:53:34,25273.53,INR,ACC1046,ACC1010,CUST038,CUST027,deposit,China,India
888,2025-06-07T02:26:13,12493.52,INR,ACC1018,ACC1049,CUST044,CUST028,withdrawal,India,India
889,2025-06-07T20:08:01,4729.71,INR,ACC1047,ACC1037,CUST039,CUST041,withdrawal,India,India
890,2025-06-04T10:10:43,27247.09,INR,ACC1068,ACC1088,CUST042,CUST040,deposit,India,India
891,2025-06-07T03:52:58,36015.33,INR,ACC1047,ACC1038,CUST039,CUST006,transfer,India,India
892,2025-06-02T15:41:55,15246.12,INR,ACC1014,ACC1100,CUST028,CUST026,payment,India,India
893,2025-06-07T10:32:52,11066.15,INR,ACC1030,ACC1062,CUST026,CUST038,transfer,India,India
894,2025-06-02T18:24:27,4068.91,INR,ACC1021,ACC1093,CUST031,CUST029,payment,India,India
895,2025-06-04T22:47:17,58630.61,INR,ACC1016,ACC1009,CUST031,CUST016,withdrawal,India,India
896,2025-06-04T15:48:46,1131.23,INR,ACC1006,ACC1005,CUST045,CUST024,transfer,India,China
897,2025-06-05T15:52:01,25173.14,INR,ACC1046,ACC1087,CUST038,CUST014,deposit,China,India
898,2025-06-04T13:54:59,89123.44,INR,ACC1013,ACC1028,CUST038,CUST005,transfer,India,Nigeria
899,2025-06-06T10:16:31,29079.87,INR,ACC1045,ACC1087,CUST010,CUST014,payment,India,India
900,2025-06-03T17:18:29,77465.7,INR,ACC1032,ACC1006,CUST018,CUST045,payment,India,India
901,2025-06-02T11:00:00,120000.0,INR,ACC1062,ACC1008,CUST038,CUST046,transfer,India,India
902,2025-06-02T11:15:00,120000.0,INR,ACC1008,ACC1045,CUST046,CUST010,transfer,India,India
903,2025-06-02T11:30:00,120000.0,INR,ACC1045,ACC1062,CUST010,CUST038,transfer,India,India
904,2025-06-03T13:00:00,177228.5,INR,ACC1044,ACC1043,CUST001,CUST007,transfer,India,India
905,2025-06-03T13:02:00,168971.42,INR,ACC1044,ACC1045,CUST001,CUST010,transfer,India,India
906,2025-06-03T13:04:00,141989.96,INR,ACC1044,ACC1086,CUST001,CUST011,transfer,India,India
907,2025-06-03T13:06:00,147154.77,INR,ACC1044,ACC1065,CUST001,CUST027,transfer,India,India
908,2025-06-03T13:08:00,165875.42,INR,ACC1044,ACC1092,CUST001,CUST028,transfer,India,India
909,2025-06-04T14:00:00,80000.0,INR,ACC1063,ACC1085,CUST032,CUST013,transfer,India,India
910,2025-06-04T14:03:00,80000.0,INR,ACC1085,ACC1063,CUST013,CUST032,transfer,India,India
911,2025-06-04T14:06:00,80000.0,INR,ACC1063,ACC1085,CUST032,CUST013,transfer,India,India
912,2025-06-04T14:09:00,80000.0,INR,ACC1085,ACC1063,CUST013,CUST032,transfer,India,India
913,2025-06-04T14:12:00,80000.0,INR,ACC1063,ACC1085,CUST032,CUST013,transfer,India,India
914,2025-06-04T14:15:00,80000.0,INR,ACC1085,ACC1063,CUST013,CUST032,transfer,India,India
915,2025-06-07T18:00:00,96417.89,INR,ACC1097,ACC1043,CUST041,CUST007,transfer,India,India
916,2025-06-07T18:04:00,88520.7,INR,ACC1097,ACC1080,CUST041,CUST048,transfer,India,India
917,2025-06-07T18:08:00,81309.03,INR,ACC1097,ACC1033,CUST041,CUST001,transfer,India,India
918,2025-06-07T18:12:00,93949.06,INR,ACC1097,ACC1016,CUST041,CUST031,transfer,India,India
919,2025-06-04T10:23:00,146225.32,INR,ACC1010,ACC1010,CUST027,CUST027,deposit,India,India
920,2025-06-04T12:18:00,101273.28,INR,ACC1095,ACC1095,CUST037,CUST037,deposit,India,India
921,2025-06-05T11:40:00,142771.32,INR,ACC1006,ACC1006,CUST045,CUST045,deposit,India,India
922,2025-06-05T10:04:00,128371.99,INR,ACC1055,ACC1055,CUST020,CUST020,deposit,India,India
923,2025-06-04T12:33:00,131529.95,INR,ACC1099,ACC1099,CUST041,CUST041,withdrawal,India,India
924,2025-06-05T09:00:00,130000.0,INR,ACC1005,ACC1029,CUST024,CUST017,transfer,China,India
925,2025-06-05T10:00:00,130000.0,INR,ACC1028,ACC1036,CUST005,CUST048,transfer,Nigeria,India
926,2025-06-05T11:00:00,130000.0,INR,ACC1046,ACC1089,CUST038,CUST010,transfer,China,India
927,2025-06-05T11:00:00,130000.0,INR,ACC1075,ACC1029,CUST031,CUST017,transfer,Nigeria,India
928,2025-06-05T12:00:00,130000.0,INR,ACC1048,ACC1018,CUST025,CUST044,transfer,Nigeria,India
929,2025-06-06T10:00:00,96830.89,INR,ACC1056,ACC1034,CUST011,CUST001,transfer,India,India
930,2025-06-06T10:10:00,62637.28,INR,ACC1029,ACC1056,CUST017,CUST011,transfer,India,India
931,2025-06-06T10:20:00,79611.6,INR,ACC1029,ACC1085,CUST017,CUST013,transfer,India,India
932,2025-06-06T10:30:00,65272.34,INR,ACC1085,ACC1034,CUST013,CUST001,transfer,India,India
933,2025-06-06T10:40:00,69747.45,INR,ACC1085,ACC1029,CUST013,CUST017,transfer,India,India
934,2025-06-06T10:50:00,74389.18,INR,ACC1034,ACC1085,CUST001,CUST013,transfer,India,India
